event_time,user_id,ip,country,region,city,user_agent,browser_name,browser_version,os_name,os_version,screen_res,device_type,request_per_min_from_ip,is_vpn,is_proxy,label_is_same_device
1762473213,u1,152.109.9.8,ID,Jawa Barat,Bandung,"Mozilla/5.0 (Windows NT 10.0; Win64; x64) AppleWebKit/537.36 (KHTML, like Gecko) Chrome/120.0 Safari/537.36",Chrome,120.0,Windows,10,2532x1170,Desktop,11,0,0,1
1762279755,u5,108.57.115.151,ID,DKI Jakarta,Jakarta,"Mozilla/5.0 (Macintosh; Intel Mac OS X 13_2) AppleWebKit/605.1.15 (KHTML, like Gecko) Version/16.1 Safari/605.1.15",Safari,16.1,MacOS,13.2,1920x1080,Tablet,18,0,0,0
1762294089,u4,25.92.217.89,ID,Jawa Barat,Bandung,"Mozilla/5.0 (Macintosh; Intel Mac OS X 13_2) AppleWebKit/605.1.15 (KHTML, like Gecko) Version/16.1 Safari/605.1.15",Safari,16.1,MacOS,13.2,2400x1080,Mobile,9,0,0,1
1762369830,u5,227.221.93.148,ID,Jawa Barat,Bandung,"Mozilla/5.0 (iPhone; CPU iPhone OS 17_1 like Mac OS X) AppleWebKit/605.1.15 (KHTML, like Gecko) Version/17.1 Mobile/15E148 Safari/604.1",Safari,17.1,iOS,17.1,1920x1080,Mobile,13,1,0,0
1762183297,u4,163.214.94.42,ID,Jawa Barat,Bandung,"Mozilla/5.0 (Windows NT 10.0; Win64; x64) AppleWebKit/537.36 (KHTML, like Gecko) Chrome/120.0 Safari/537.36",Chrome,120.0,Windows,10,1366x768,Mobile,19,0,0,1
1762314757,u5,163.44.137.187,SG,Central,Singapore,"Mozilla/5.0 (Macintosh; Intel Mac OS X 13_2) AppleWebKit/605.1.15 (KHTML, like Gecko) Version/16.1 Safari/605.1.15",Safari,16.1,MacOS,13.2,2532x1170,Tablet,9,0,0,0
1762240683,u1,59.211.9.207,ID,DKI Jakarta,Jakarta,"Mozilla/5.0 (iPhone; CPU iPhone OS 17_1 like Mac OS X) AppleWebKit/605.1.15 (KHTML, like Gecko) Version/17.1 Mobile/15E148 Safari/604.1",Safari,17.1,iOS,17.1,2400x1080,Mobile,17,0,0,1
1762090318,u3,55.168.128.102,US,CA,San Francisco,"Mozilla/5.0 (Linux; Android 13; SM-S918B) AppleWebKit/537.36 (KHTML, like Gecko) Chrome/121.0 Mobile Safari/537.36",Chrome,121.0,Android,13,1920x1080,Desktop,9,0,0,1
1762037182,u5,103.93.57.36,ID,DKI Jakarta,Jakarta,"Mozilla/5.0 (Linux; Android 13; SM-S918B) AppleWebKit/537.36 (KHTML, like Gecko) Chrome/121.0 Mobile Safari/537.36",Chrome,121.0,Android,13,1366x768,Desktop,9,0,0,1
1762080674,u4,153.17.99.98,US,CA,San Francisco,"Mozilla/5.0 (Windows NT 10.0; Win64; x64) AppleWebKit/537.36 (KHTML, like Gecko) Chrome/120.0 Safari/537.36",Chrome,120.0,Windows,10,1920x1080,Desktop,3,0,0,1
1762295276,u3,112.41.117.1,SG,Central,Singapore,"Mozilla/5.0 (Windows NT 10.0; Win64; x64) AppleWebKit/537.36 (KHTML, like Gecko) Chrome/120.0 Safari/537.36",Chrome,120.0,Windows,10,1920x1080,Tablet,16,0,0,0
1762015343,u3,196.42.139.245,ID,DKI Jakarta,Jakarta,"Mozilla/5.0 (Windows NT 10.0; Win64; x64) AppleWebKit/537.36 (KHTML, like Gecko) Chrome/120.0 Safari/537.36",Chrome,120.0,Windows,10,2532x1170,Tablet,4,0,0,0
1762488877,u2,15.62.225.146,ID,Jawa Barat,Bandung,"Mozilla/5.0 (Linux; Android 13; SM-S918B) AppleWebKit/537.36 (KHTML, like Gecko) Chrome/121.0 Mobile Safari/537.36",Chrome,121.0,Android,13,2400x1080,Desktop,13,0,0,1
1762018153,u4,243.141.43.68,ID,Jawa Barat,Bandung,"Mozilla/5.0 (iPhone; CPU iPhone OS 17_1 like Mac OS X) AppleWebKit/605.1.15 (KHTML, like Gecko) Version/17.1 Mobile/15E148 Safari/604.1",Safari,17.1,iOS,17.1,1920x1080,Tablet,13,0,0,0
1762504323,u5,116.31.64.58,US,CA,San Francisco,"Mozilla/5.0 (Macintosh; Intel Mac OS X 13_2) AppleWebKit/605.1.15 (KHTML, like Gecko) Version/16.1 Safari/605.1.15",Safari,16.1,MacOS,13.2,1366x768,Tablet,3,0,0,0
1762224980,u1,59.18.232.9,SG,Central,Singapore,"Mozilla/5.0 (Windows NT 10.0; Win64; x64) AppleWebKit/537.36 (KHTML, like Gecko) Chrome/120.0 Safari/537.36",Chrome,120.0,Windows,10,1366x768,Tablet,25,0,1,0
1762144626,u5,122.63.201.122,ID,Jawa Barat,Bandung,"Mozilla/5.0 (Macintosh; Intel Mac OS X 13_2) AppleWebKit/605.1.15 (KHTML, like Gecko) Version/16.1 Safari/605.1.15",Safari,16.1,MacOS,13.2,2532x1170,Tablet,3,0,0,0
1762468261,u4,222.187.14.173,ID,DKI Jakarta,Jakarta,"Mozilla/5.0 (Windows NT 10.0; Win64; x64) AppleWebKit/537.36 (KHTML, like Gecko) Chrome/120.0 Safari/537.36",Chrome,120.0,Windows,10,1920x1080,Tablet,10,0,0,0
1762492413,u3,119.64.224.237,ID,Jawa Barat,Bandung,"Mozilla/5.0 (iPhone; CPU iPhone OS 17_1 like Mac OS X) AppleWebKit/605.1.15 (KHTML, like Gecko) Version/17.1 Mobile/15E148 Safari/604.1",Safari,17.1,iOS,17.1,2532x1170,Desktop,10,0,0,1
1762397070,u1,238.193.218.61,US,CA,San Francisco,"Mozilla/5.0 (Windows NT 10.0; Win64; x64) AppleWebKit/537.36 (KHTML, like Gecko) Chrome/120.0 Safari/537.36",Chrome,120.0,Windows,10,1920x1080,Tablet,13,0,0,0
1762094349,u4,68.238.201.201,US,CA,San Francisco,"Mozilla/5.0 (iPhone; CPU iPhone OS 17_1 like Mac OS X) AppleWebKit/605.1.15 (KHTML, like Gecko) Version/17.1 Mobile/15E148 Safari/604.1",Safari,17.1,iOS,17.1,2400x1080,Desktop,17,0,1,0
1762242621,u1,149.189.139.16,SG,Central,Singapore,"Mozilla/5.0 (iPhone; CPU iPhone OS 17_1 like Mac OS X) AppleWebKit/605.1.15 (KHTML, like Gecko) Version/17.1 Mobile/15E148 Safari/604.1",Safari,17.1,iOS,17.1,2400x1080,Desktop,1,0,0,1
1762324830,u2,18.153.18.173,ID,Jawa Barat,Bandung,"Mozilla/5.0 (Windows NT 10.0; Win64; x64) AppleWebKit/537.36 (KHTML, like Gecko) Chrome/120.0 Safari/537.36",Chrome,120.0,Windows,10,2400x1080,Tablet,15,1,0,0
1762239722,u4,169.150.145.134,US,CA,San Francisco,"Mozilla/5.0 (Windows NT 10.0; Win64; x64) AppleWebKit/537.36 (KHTML, like Gecko) Chrome/120.0 Safari/537.36",Chrome,120.0,Windows,10,1366x768,Tablet,7,0,0,0
1762466622,u1,3.118.160.145,SG,Central,Singapore,"Mozilla/5.0 (Macintosh; Intel Mac OS X 13_2) AppleWebKit/605.1.15 (KHTML, like Gecko) Version/16.1 Safari/605.1.15",Safari,16.1,MacOS,13.2,2532x1170,Desktop,9,0,0,1
1762001854,u2,95.73.41.113,ID,Jawa Barat,Bandung,"Mozilla/5.0 (Macintosh; Intel Mac OS X 13_2) AppleWebKit/605.1.15 (KHTML, like Gecko) Version/16.1 Safari/605.1.15",Safari,16.1,MacOS,13.2,2532x1170,Desktop,12,0,0,1
1762350598,u5,40.70.73.155,SG,Central,Singapore,"Mozilla/5.0 (Windows NT 10.0; Win64; x64) AppleWebKit/537.36 (KHTML, like Gecko) Chrome/120.0 Safari/537.36",Chrome,120.0,Windows,10,2532x1170,Tablet,18,0,0,0
1762281339,u1,24.163.109.213,SG,Central,Singapore,"Mozilla/5.0 (Macintosh; Intel Mac OS X 13_2) AppleWebKit/605.1.15 (KHTML, like Gecko) Version/16.1 Safari/605.1.15",Safari,16.1,MacOS,13.2,2532x1170,Tablet,16,0,0,0
1762415165,u4,144.3.29.20,ID,Jawa Barat,Bandung,"Mozilla/5.0 (Windows NT 10.0; Win64; x64) AppleWebKit/537.36 (KHTML, like Gecko) Chrome/120.0 Safari/537.36",Chrome,120.0,Windows,10,2532x1170,Desktop,7,0,0,1
1762309809,u1,231.92.54.175,ID,Jawa Barat,Bandung,"Mozilla/5.0 (Linux; Android 13; SM-S918B) AppleWebKit/537.36 (KHTML, like Gecko) Chrome/121.0 Mobile Safari/537.36",Chrome,121.0,Android,13,1366x768,Mobile,7,1,0,0
1762223138,u2,226.106.7.46,ID,Jawa Barat,Bandung,"Mozilla/5.0 (Linux; Android 13; SM-S918B) AppleWebKit/537.36 (KHTML, like Gecko) Chrome/121.0 Mobile Safari/537.36",Chrome,121.0,Android,13,2400x1080,Tablet,9,0,0,0
1762088797,u1,220.121.57.52,US,CA,San Francisco,"Mozilla/5.0 (Macintosh; Intel Mac OS X 13_2) AppleWebKit/605.1.15 (KHTML, like Gecko) Version/16.1 Safari/605.1.15",Safari,16.1,MacOS,13.2,2532x1170,Desktop,1,0,0,1
1762009197,u3,90.165.131.103,SG,Central,Singapore,"Mozilla/5.0 (Linux; Android 13; SM-S918B) AppleWebKit/537.36 (KHTML, like Gecko) Chrome/121.0 Mobile Safari/537.36",Chrome,121.0,Android,13,1366x768,Desktop,13,0,0,1
1762208980,u3,10.28.153.112,SG,Central,Singapore,"Mozilla/5.0 (Windows NT 10.0; Win64; x64) AppleWebKit/537.36 (KHTML, like Gecko) Chrome/120.0 Safari/537.36",Chrome,120.0,Windows,10,1920x1080,Mobile,10,0,0,1
1762364853,u5,237.207.138.176,SG,Central,Singapore,"Mozilla/5.0 (iPhone; CPU iPhone OS 17_1 like Mac OS X) AppleWebKit/605.1.15 (KHTML, like Gecko) Version/17.1 Mobile/15E148 Safari/604.1",Safari,17.1,iOS,17.1,1920x1080,Mobile,12,1,0,0
1762247151,u1,185.231.77.130,SG,Central,Singapore,"Mozilla/5.0 (iPhone; CPU iPhone OS 17_1 like Mac OS X) AppleWebKit/605.1.15 (KHTML, like Gecko) Version/17.1 Mobile/15E148 Safari/604.1",Safari,17.1,iOS,17.1,1920x1080,Tablet,8,0,0,0
1761996906,u2,158.146.78.104,US,CA,San Francisco,"Mozilla/5.0 (Linux; Android 13; SM-S918B) AppleWebKit/537.36 (KHTML, like Gecko) Chrome/121.0 Mobile Safari/537.36",Chrome,121.0,Android,13,2400x1080,Tablet,9,0,0,0
1762347377,u3,120.114.114.173,ID,Jawa Barat,Bandung,"Mozilla/5.0 (Linux; Android 13; SM-S918B) AppleWebKit/537.36 (KHTML, like Gecko) Chrome/121.0 Mobile Safari/537.36",Chrome,121.0,Android,13,2532x1170,Desktop,12,0,0,1
1762362657,u2,173.80.58.207,US,CA,San Francisco,"Mozilla/5.0 (Macintosh; Intel Mac OS X 13_2) AppleWebKit/605.1.15 (KHTML, like Gecko) Version/16.1 Safari/605.1.15",Safari,16.1,MacOS,13.2,1920x1080,Mobile,2,0,0,1
1761967825,u1,117.107.227.162,ID,DKI Jakarta,Jakarta,"Mozilla/5.0 (Windows NT 10.0; Win64; x64) AppleWebKit/537.36 (KHTML, like Gecko) Chrome/120.0 Safari/537.36",Chrome,120.0,Windows,10,1920x1080,Desktop,9,0,0,1
1762028341,u1,200.109.57.46,ID,DKI Jakarta,Jakarta,"Mozilla/5.0 (iPhone; CPU iPhone OS 17_1 like Mac OS X) AppleWebKit/605.1.15 (KHTML, like Gecko) Version/17.1 Mobile/15E148 Safari/604.1",Safari,17.1,iOS,17.1,2400x1080,Mobile,10,1,0,0
1762107388,u5,253.144.153.82,US,CA,San Francisco,"Mozilla/5.0 (Windows NT 10.0; Win64; x64) AppleWebKit/537.36 (KHTML, like Gecko) Chrome/120.0 Safari/537.36",Chrome,120.0,Windows,10,1366x768,Desktop,17,0,0,1
1762320592,u3,197.200.134.125,US,CA,San Francisco,"Mozilla/5.0 (iPhone; CPU iPhone OS 17_1 like Mac OS X) AppleWebKit/605.1.15 (KHTML, like Gecko) Version/17.1 Mobile/15E148 Safari/604.1",Safari,17.1,iOS,17.1,1366x768,Tablet,13,0,0,0
1762413302,u3,229.139.21.36,SG,Central,Singapore,"Mozilla/5.0 (iPhone; CPU iPhone OS 17_1 like Mac OS X) AppleWebKit/605.1.15 (KHTML, like Gecko) Version/17.1 Mobile/15E148 Safari/604.1",Safari,17.1,iOS,17.1,1920x1080,Tablet,5,0,0,0
1762550979,u1,53.214.108.100,ID,DKI Jakarta,Jakarta,"Mozilla/5.0 (iPhone; CPU iPhone OS 17_1 like Mac OS X) AppleWebKit/605.1.15 (KHTML, like Gecko) Version/17.1 Mobile/15E148 Safari/604.1",Safari,17.1,iOS,17.1,1366x768,Tablet,11,0,0,0
1762340208,u4,138.192.189.140,US,CA,San Francisco,"Mozilla/5.0 (iPhone; CPU iPhone OS 17_1 like Mac OS X) AppleWebKit/605.1.15 (KHTML, like Gecko) Version/17.1 Mobile/15E148 Safari/604.1",Safari,17.1,iOS,17.1,1920x1080,Mobile,15,0,0,1
1762011390,u2,216.120.236.33,US,CA,San Francisco,"Mozilla/5.0 (Macintosh; Intel Mac OS X 13_2) AppleWebKit/605.1.15 (KHTML, like Gecko) Version/16.1 Safari/605.1.15",Safari,16.1,MacOS,13.2,2532x1170,Mobile,5,0,0,1
1762228205,u4,47.13.67.98,ID,Jawa Barat,Bandung,"Mozilla/5.0 (iPhone; CPU iPhone OS 17_1 like Mac OS X) AppleWebKit/605.1.15 (KHTML, like Gecko) Version/17.1 Mobile/15E148 Safari/604.1",Safari,17.1,iOS,17.1,1920x1080,Desktop,10,0,0,1
1762005838,u3,214.21.121.5,ID,DKI Jakarta,Jakarta,"Mozilla/5.0 (iPhone; CPU iPhone OS 17_1 like Mac OS X) AppleWebKit/605.1.15 (KHTML, like Gecko) Version/17.1 Mobile/15E148 Safari/604.1",Safari,17.1,iOS,17.1,2532x1170,Mobile,10,0,0,1
1762362415,u1,194.8.244.64,ID,Jawa Barat,Bandung,"Mozilla/5.0 (Linux; Android 13; SM-S918B) AppleWebKit/537.36 (KHTML, like Gecko) Chrome/121.0 Mobile Safari/537.36",Chrome,121.0,Android,13,1366x768,Tablet,5,1,0,0
1762451363,u3,197.95.43.156,ID,Jawa Barat,Bandung,"Mozilla/5.0 (Macintosh; Intel Mac OS X 13_2) AppleWebKit/605.1.15 (KHTML, like Gecko) Version/16.1 Safari/605.1.15",Safari,16.1,MacOS,13.2,1366x768,Desktop,7,0,0,1
1762491771,u4,102.242.184.51,ID,DKI Jakarta,Jakarta,"Mozilla/5.0 (Linux; Android 13; SM-S918B) AppleWebKit/537.36 (KHTML, like Gecko) Chrome/121.0 Mobile Safari/537.36",Chrome,121.0,Android,13,1920x1080,Tablet,10,1,0,0
1762499153,u3,137.110.170.95,ID,DKI Jakarta,Jakarta,"Mozilla/5.0 (Windows NT 10.0; Win64; x64) AppleWebKit/537.36 (KHTML, like Gecko) Chrome/120.0 Safari/537.36",Chrome,120.0,Windows,10,2532x1170,Tablet,7,0,0,0
1762024368,u4,182.40.112.46,SG,Central,Singapore,"Mozilla/5.0 (Windows NT 10.0; Win64; x64) AppleWebKit/537.36 (KHTML, like Gecko) Chrome/120.0 Safari/537.36",Chrome,120.0,Windows,10,2400x1080,Mobile,8,1,0,0
1762084177,u1,72.226.116.63,SG,Central,Singapore,"Mozilla/5.0 (iPhone; CPU iPhone OS 17_1 like Mac OS X) AppleWebKit/605.1.15 (KHTML, like Gecko) Version/17.1 Mobile/15E148 Safari/604.1",Safari,17.1,iOS,17.1,2400x1080,Mobile,13,0,0,1
1762278216,u2,91.205.67.88,US,CA,San Francisco,"Mozilla/5.0 (Linux; Android 13; SM-S918B) AppleWebKit/537.36 (KHTML, like Gecko) Chrome/121.0 Mobile Safari/537.36",Chrome,121.0,Android,13,1920x1080,Mobile,4,0,0,1
1762553379,u4,166.183.126.115,SG,Central,Singapore,"Mozilla/5.0 (Windows NT 10.0; Win64; x64) AppleWebKit/537.36 (KHTML, like Gecko) Chrome/120.0 Safari/537.36",Chrome,120.0,Windows,10,1366x768,Desktop,10,0,0,1
1762211004,u5,95.122.142.136,ID,Jawa Barat,Bandung,"Mozilla/5.0 (Linux; Android 13; SM-S918B) AppleWebKit/537.36 (KHTML, like Gecko) Chrome/121.0 Mobile Safari/537.36",Chrome,121.0,Android,13,1366x768,Mobile,15,0,0,1
1762377316,u3,31.191.138.244,US,CA,San Francisco,"Mozilla/5.0 (Linux; Android 13; SM-S918B) AppleWebKit/537.36 (KHTML, like Gecko) Chrome/121.0 Mobile Safari/537.36",Chrome,121.0,Android,13,2532x1170,Tablet,5,0,0,0
1762367912,u5,153.73.252.26,ID,DKI Jakarta,Jakarta,"Mozilla/5.0 (Macintosh; Intel Mac OS X 13_2) AppleWebKit/605.1.15 (KHTML, like Gecko) Version/16.1 Safari/605.1.15",Safari,16.1,MacOS,13.2,2400x1080,Mobile,11,0,0,1
1762439046,u1,142.75.179.242,SG,Central,Singapore,"Mozilla/5.0 (Macintosh; Intel Mac OS X 13_2) AppleWebKit/605.1.15 (KHTML, like Gecko) Version/16.1 Safari/605.1.15",Safari,16.1,MacOS,13.2,2532x1170,Desktop,7,1,1,0
1762070524,u3,48.248.14.65,US,CA,San Francisco,"Mozilla/5.0 (Windows NT 10.0; Win64; x64) AppleWebKit/537.36 (KHTML, like Gecko) Chrome/120.0 Safari/537.36",Chrome,120.0,Windows,10,1920x1080,Tablet,17,0,0,0
1762311212,u5,243.78.22.255,ID,Jawa Barat,Bandung,"Mozilla/5.0 (Windows NT 10.0; Win64; x64) AppleWebKit/537.36 (KHTML, like Gecko) Chrome/120.0 Safari/537.36",Chrome,120.0,Windows,10,2400x1080,Mobile,16,1,0,0
1762251245,u3,221.151.254.110,ID,Jawa Barat,Bandung,"Mozilla/5.0 (iPhone; CPU iPhone OS 17_1 like Mac OS X) AppleWebKit/605.1.15 (KHTML, like Gecko) Version/17.1 Mobile/15E148 Safari/604.1",Safari,17.1,iOS,17.1,1366x768,Tablet,13,0,0,0
1762078721,u1,41.1.105.116,ID,Jawa Barat,Bandung,"Mozilla/5.0 (Windows NT 10.0; Win64; x64) AppleWebKit/537.36 (KHTML, like Gecko) Chrome/120.0 Safari/537.36",Chrome,120.0,Windows,10,1366x768,Tablet,11,0,0,0
1762294054,u4,19.176.60.237,SG,Central,Singapore,"Mozilla/5.0 (Windows NT 10.0; Win64; x64) AppleWebKit/537.36 (KHTML, like Gecko) Chrome/120.0 Safari/537.36",Chrome,120.0,Windows,10,1366x768,Mobile,17,0,0,1
1761974603,u1,43.203.79.153,ID,DKI Jakarta,Jakarta,"Mozilla/5.0 (iPhone; CPU iPhone OS 17_1 like Mac OS X) AppleWebKit/605.1.15 (KHTML, like Gecko) Version/17.1 Mobile/15E148 Safari/604.1",Safari,17.1,iOS,17.1,1920x1080,Tablet,10,0,0,0
1762487110,u3,129.139.127.113,SG,Central,Singapore,"Mozilla/5.0 (iPhone; CPU iPhone OS 17_1 like Mac OS X) AppleWebKit/605.1.15 (KHTML, like Gecko) Version/17.1 Mobile/15E148 Safari/604.1",Safari,17.1,iOS,17.1,1920x1080,Mobile,12,0,0,1
1762288857,u5,151.244.6.196,ID,Jawa Barat,Bandung,"Mozilla/5.0 (iPhone; CPU iPhone OS 17_1 like Mac OS X) AppleWebKit/605.1.15 (KHTML, like Gecko) Version/17.1 Mobile/15E148 Safari/604.1",Safari,17.1,iOS,17.1,2532x1170,Tablet,9,0,0,0
1762055848,u2,150.112.163.209,ID,Jawa Barat,Bandung,"Mozilla/5.0 (Macintosh; Intel Mac OS X 13_2) AppleWebKit/605.1.15 (KHTML, like Gecko) Version/16.1 Safari/605.1.15",Safari,16.1,MacOS,13.2,2400x1080,Tablet,12,0,0,0
1761994641,u4,74.170.242.103,ID,Jawa Barat,Bandung,"Mozilla/5.0 (iPhone; CPU iPhone OS 17_1 like Mac OS X) AppleWebKit/605.1.15 (KHTML, like Gecko) Version/17.1 Mobile/15E148 Safari/604.1",Safari,17.1,iOS,17.1,2532x1170,Mobile,6,0,0,1
1762570253,u4,222.132.212.253,ID,Jawa Barat,Bandung,"Mozilla/5.0 (iPhone; CPU iPhone OS 17_1 like Mac OS X) AppleWebKit/605.1.15 (KHTML, like Gecko) Version/17.1 Mobile/15E148 Safari/604.1",Safari,17.1,iOS,17.1,1920x1080,Mobile,16,0,0,1
1762269439,u1,53.69.141.34,US,CA,San Francisco,"Mozilla/5.0 (iPhone; CPU iPhone OS 17_1 like Mac OS X) AppleWebKit/605.1.15 (KHTML, like Gecko) Version/17.1 Mobile/15E148 Safari/604.1",Safari,17.1,iOS,17.1,1920x1080,Desktop,3,0,0,1
1762557121,u2,182.41.80.142,US,CA,San Francisco,"Mozilla/5.0 (iPhone; CPU iPhone OS 17_1 like Mac OS X) AppleWebKit/605.1.15 (KHTML, like Gecko) Version/17.1 Mobile/15E148 Safari/604.1",Safari,17.1,iOS,17.1,1920x1080,Desktop,9,0,0,1
1762065522,u3,131.181.70.107,US,CA,San Francisco,"Mozilla/5.0 (Windows NT 10.0; Win64; x64) AppleWebKit/537.36 (KHTML, like Gecko) Chrome/120.0 Safari/537.36",Chrome,120.0,Windows,10,1366x768,Desktop,7,0,0,1
1762498258,u5,131.192.226.35,US,CA,San Francisco,"Mozilla/5.0 (Macintosh; Intel Mac OS X 13_2) AppleWebKit/605.1.15 (KHTML, like Gecko) Version/16.1 Safari/605.1.15",Safari,16.1,MacOS,13.2,2400x1080,Tablet,10,1,0,0
1762103221,u5,169.126.222.39,SG,Central,Singapore,"Mozilla/5.0 (iPhone; CPU iPhone OS 17_1 like Mac OS X) AppleWebKit/605.1.15 (KHTML, like Gecko) Version/17.1 Mobile/15E148 Safari/604.1",Safari,17.1,iOS,17.1,2532x1170,Tablet,9,0,0,0
1762321054,u3,223.49.252.179,US,CA,San Francisco,"Mozilla/5.0 (Linux; Android 13; SM-S918B) AppleWebKit/537.36 (KHTML, like Gecko) Chrome/121.0 Mobile Safari/537.36",Chrome,121.0,Android,13,2532x1170,Tablet,10,0,0,0
1762044769,u2,127.247.10.33,US,CA,San Francisco,"Mozilla/5.0 (Macintosh; Intel Mac OS X 13_2) AppleWebKit/605.1.15 (KHTML, like Gecko) Version/16.1 Safari/605.1.15",Safari,16.1,MacOS,13.2,2400x1080,Desktop,7,0,0,1
1762409600,u2,105.223.168.249,SG,Central,Singapore,"Mozilla/5.0 (Windows NT 10.0; Win64; x64) AppleWebKit/537.36 (KHTML, like Gecko) Chrome/120.0 Safari/537.36",Chrome,120.0,Windows,10,2400x1080,Desktop,15,0,0,1
1762059809,u5,98.245.82.161,ID,Jawa Barat,Bandung,"Mozilla/5.0 (iPhone; CPU iPhone OS 17_1 like Mac OS X) AppleWebKit/605.1.15 (KHTML, like Gecko) Version/17.1 Mobile/15E148 Safari/604.1",Safari,17.1,iOS,17.1,2532x1170,Mobile,6,1,0,0
1762468234,u2,192.24.112.251,ID,Jawa Barat,Bandung,"Mozilla/5.0 (Windows NT 10.0; Win64; x64) AppleWebKit/537.36 (KHTML, like Gecko) Chrome/120.0 Safari/537.36",Chrome,120.0,Windows,10,1366x768,Tablet,6,0,0,0
1762014491,u3,96.111.38.63,ID,Jawa Barat,Bandung,"Mozilla/5.0 (iPhone; CPU iPhone OS 17_1 like Mac OS X) AppleWebKit/605.1.15 (KHTML, like Gecko) Version/17.1 Mobile/15E148 Safari/604.1",Safari,17.1,iOS,17.1,1366x768,Tablet,9,0,1,0
1762421390,u5,175.62.128.234,US,CA,San Francisco,"Mozilla/5.0 (Macintosh; Intel Mac OS X 13_2) AppleWebKit/605.1.15 (KHTML, like Gecko) Version/16.1 Safari/605.1.15",Safari,16.1,MacOS,13.2,1366x768,Desktop,11,1,0,0
1762209108,u5,41.19.114.242,ID,DKI Jakarta,Jakarta,"Mozilla/5.0 (iPhone; CPU iPhone OS 17_1 like Mac OS X) AppleWebKit/605.1.15 (KHTML, like Gecko) Version/17.1 Mobile/15E148 Safari/604.1",Safari,17.1,iOS,17.1,2532x1170,Mobile,9,0,0,1
1762171570,u4,219.124.28.61,SG,Central,Singapore,"Mozilla/5.0 (iPhone; CPU iPhone OS 17_1 like Mac OS X) AppleWebKit/605.1.15 (KHTML, like Gecko) Version/17.1 Mobile/15E148 Safari/604.1",Safari,17.1,iOS,17.1,2532x1170,Mobile,10,0,0,1
1762271363,u1,234.156.191.128,SG,Central,Singapore,"Mozilla/5.0 (Linux; Android 13; SM-S918B) AppleWebKit/537.36 (KHTML, like Gecko) Chrome/121.0 Mobile Safari/537.36",Chrome,121.0,Android,13,2532x1170,Desktop,17,0,0,1
1762530122,u2,161.25.232.161,ID,DKI Jakarta,Jakarta,"Mozilla/5.0 (Linux; Android 13; SM-S918B) AppleWebKit/537.36 (KHTML, like Gecko) Chrome/121.0 Mobile Safari/537.36",Chrome,121.0,Android,13,1366x768,Tablet,8,0,0,0
1762005849,u4,45.52.34.202,SG,Central,Singapore,"Mozilla/5.0 (iPhone; CPU iPhone OS 17_1 like Mac OS X) AppleWebKit/605.1.15 (KHTML, like Gecko) Version/17.1 Mobile/15E148 Safari/604.1",Safari,17.1,iOS,17.1,1920x1080,Tablet,8,0,0,0
1762450695,u3,192.223.87.206,SG,Central,Singapore,"Mozilla/5.0 (Linux; Android 13; SM-S918B) AppleWebKit/537.36 (KHTML, like Gecko) Chrome/121.0 Mobile Safari/537.36",Chrome,121.0,Android,13,1366x768,Mobile,11,0,0,1
1762556865,u5,94.24.203.102,US,CA,San Francisco,"Mozilla/5.0 (Windows NT 10.0; Win64; x64) AppleWebKit/537.36 (KHTML, like Gecko) Chrome/120.0 Safari/537.36",Chrome,120.0,Windows,10,1366x768,Desktop,15,0,0,1
1762181941,u5,98.211.164.241,SG,Central,Singapore,"Mozilla/5.0 (Windows NT 10.0; Win64; x64) AppleWebKit/537.36 (KHTML, like Gecko) Chrome/120.0 Safari/537.36",Chrome,120.0,Windows,10,2400x1080,Mobile,3,0,0,1
1762254590,u1,163.211.119.233,ID,Jawa Barat,Bandung,"Mozilla/5.0 (Macintosh; Intel Mac OS X 13_2) AppleWebKit/605.1.15 (KHTML, like Gecko) Version/16.1 Safari/605.1.15",Safari,16.1,MacOS,13.2,2400x1080,Desktop,1,0,0,1
1762007801,u4,30.25.61.228,US,CA,San Francisco,"Mozilla/5.0 (Windows NT 10.0; Win64; x64) AppleWebKit/537.36 (KHTML, like Gecko) Chrome/120.0 Safari/537.36",Chrome,120.0,Windows,10,1366x768,Desktop,1,0,0,1
1762058342,u2,227.107.168.26,ID,DKI Jakarta,Jakarta,"Mozilla/5.0 (iPhone; CPU iPhone OS 17_1 like Mac OS X) AppleWebKit/605.1.15 (KHTML, like Gecko) Version/17.1 Mobile/15E148 Safari/604.1",Safari,17.1,iOS,17.1,2400x1080,Mobile,6,0,0,1
1762186281,u2,219.93.26.252,US,CA,San Francisco,"Mozilla/5.0 (Linux; Android 13; SM-S918B) AppleWebKit/537.36 (KHTML, like Gecko) Chrome/121.0 Mobile Safari/537.36",Chrome,121.0,Android,13,1920x1080,Tablet,2,0,0,0
1762549065,u2,165.164.153.249,SG,Central,Singapore,"Mozilla/5.0 (Windows NT 10.0; Win64; x64) AppleWebKit/537.36 (KHTML, like Gecko) Chrome/120.0 Safari/537.36",Chrome,120.0,Windows,10,2400x1080,Mobile,10,0,0,1
1762327143,u5,54.151.56.209,ID,Jawa Barat,Bandung,"Mozilla/5.0 (Linux; Android 13; SM-S918B) AppleWebKit/537.36 (KHTML, like Gecko) Chrome/121.0 Mobile Safari/537.36",Chrome,121.0,Android,13,1366x768,Desktop,12,0,0,1
1762433254,u2,29.170.222.7,SG,Central,Singapore,"Mozilla/5.0 (Macintosh; Intel Mac OS X 13_2) AppleWebKit/605.1.15 (KHTML, like Gecko) Version/16.1 Safari/605.1.15",Safari,16.1,MacOS,13.2,1920x1080,Mobile,11,1,0,0
1762452290,u1,33.190.108.135,ID,Jawa Barat,Bandung,"Mozilla/5.0 (Linux; Android 13; SM-S918B) AppleWebKit/537.36 (KHTML, like Gecko) Chrome/121.0 Mobile Safari/537.36",Chrome,121.0,Android,13,1366x768,Tablet,7,0,0,0
1762024678,u1,187.201.233.222,ID,Jawa Barat,Bandung,"Mozilla/5.0 (iPhone; CPU iPhone OS 17_1 like Mac OS X) AppleWebKit/605.1.15 (KHTML, like Gecko) Version/17.1 Mobile/15E148 Safari/604.1",Safari,17.1,iOS,17.1,2400x1080,Mobile,7,0,0,1
1762106351,u4,176.28.126.183,SG,Central,Singapore,"Mozilla/5.0 (iPhone; CPU iPhone OS 17_1 like Mac OS X) AppleWebKit/605.1.15 (KHTML, like Gecko) Version/17.1 Mobile/15E148 Safari/604.1",Safari,17.1,iOS,17.1,1920x1080,Desktop,9,0,0,1
1762262237,u3,98.255.153.136,ID,Jawa Barat,Bandung,"Mozilla/5.0 (Windows NT 10.0; Win64; x64) AppleWebKit/537.36 (KHTML, like Gecko) Chrome/120.0 Safari/537.36",Chrome,120.0,Windows,10,2532x1170,Tablet,11,0,0,0
1762097970,u5,185.222.56.111,US,CA,San Francisco,"Mozilla/5.0 (iPhone; CPU iPhone OS 17_1 like Mac OS X) AppleWebKit/605.1.15 (KHTML, like Gecko) Version/17.1 Mobile/15E148 Safari/604.1",Safari,17.1,iOS,17.1,1920x1080,Tablet,12,1,0,0
1762074154,u3,96.245.40.176,ID,DKI Jakarta,Jakarta,"Mozilla/5.0 (iPhone; CPU iPhone OS 17_1 like Mac OS X) AppleWebKit/605.1.15 (KHTML, like Gecko) Version/17.1 Mobile/15E148 Safari/604.1",Safari,17.1,iOS,17.1,2532x1170,Mobile,3,0,0,1
1761982593,u3,208.34.143.16,ID,Jawa Barat,Bandung,"Mozilla/5.0 (Windows NT 10.0; Win64; x64) AppleWebKit/537.36 (KHTML, like Gecko) Chrome/120.0 Safari/537.36",Chrome,120.0,Windows,10,1920x1080,Desktop,14,0,0,1
1762202732,u1,248.74.154.80,SG,Central,Singapore,"Mozilla/5.0 (Windows NT 10.0; Win64; x64) AppleWebKit/537.36 (KHTML, like Gecko) Chrome/120.0 Safari/537.36",Chrome,120.0,Windows,10,2400x1080,Mobile,18,0,0,1
1762279360,u3,217.143.95.30,ID,Jawa Barat,Bandung,"Mozilla/5.0 (Macintosh; Intel Mac OS X 13_2) AppleWebKit/605.1.15 (KHTML, like Gecko) Version/16.1 Safari/605.1.15",Safari,16.1,MacOS,13.2,1366x768,Tablet,1,0,0,0
1762381242,u3,236.87.90.2,ID,DKI Jakarta,Jakarta,"Mozilla/5.0 (iPhone; CPU iPhone OS 17_1 like Mac OS X) AppleWebKit/605.1.15 (KHTML, like Gecko) Version/17.1 Mobile/15E148 Safari/604.1",Safari,17.1,iOS,17.1,1920x1080,Tablet,18,0,0,0
1762131233,u1,192.136.56.97,ID,DKI Jakarta,Jakarta,"Mozilla/5.0 (iPhone; CPU iPhone OS 17_1 like Mac OS X) AppleWebKit/605.1.15 (KHTML, like Gecko) Version/17.1 Mobile/15E148 Safari/604.1",Safari,17.1,iOS,17.1,1920x1080,Desktop,5,0,0,1
1762519280,u1,40.41.194.159,US,CA,San Francisco,"Mozilla/5.0 (Linux; Android 13; SM-S918B) AppleWebKit/537.36 (KHTML, like Gecko) Chrome/121.0 Mobile Safari/537.36",Chrome,121.0,Android,13,1366x768,Mobile,8,0,0,1
1762452113,u4,70.56.194.132,ID,Jawa Barat,Bandung,"Mozilla/5.0 (Linux; Android 13; SM-S918B) AppleWebKit/537.36 (KHTML, like Gecko) Chrome/121.0 Mobile Safari/537.36",Chrome,121.0,Android,13,2400x1080,Tablet,14,0,0,0
1762563399,u2,102.253.154.15,SG,Central,Singapore,"Mozilla/5.0 (iPhone; CPU iPhone OS 17_1 like Mac OS X) AppleWebKit/605.1.15 (KHTML, like Gecko) Version/17.1 Mobile/15E148 Safari/604.1",Safari,17.1,iOS,17.1,1920x1080,Mobile,7,0,0,1
1762387230,u1,2.128.192.111,ID,DKI Jakarta,Jakarta,"Mozilla/5.0 (Linux; Android 13; SM-S918B) AppleWebKit/537.36 (KHTML, like Gecko) Chrome/121.0 Mobile Safari/537.36",Chrome,121.0,Android,13,1366x768,Desktop,3,0,0,1
1762489815,u1,112.5.118.236,ID,DKI Jakarta,Jakarta,"Mozilla/5.0 (iPhone; CPU iPhone OS 17_1 like Mac OS X) AppleWebKit/605.1.15 (KHTML, like Gecko) Version/17.1 Mobile/15E148 Safari/604.1",Safari,17.1,iOS,17.1,1366x768,Tablet,3,0,0,0
1762089013,u4,6.248.84.44,SG,Central,Singapore,"Mozilla/5.0 (iPhone; CPU iPhone OS 17_1 like Mac OS X) AppleWebKit/605.1.15 (KHTML, like Gecko) Version/17.1 Mobile/15E148 Safari/604.1",Safari,17.1,iOS,17.1,2400x1080,Tablet,7,0,0,0
1762395160,u3,191.87.57.86,SG,Central,Singapore,"Mozilla/5.0 (Windows NT 10.0; Win64; x64) AppleWebKit/537.36 (KHTML, like Gecko) Chrome/120.0 Safari/537.36",Chrome,120.0,Windows,10,2400x1080,Desktop,10,0,0,1
1762364605,u2,61.27.38.66,ID,Jawa Barat,Bandung,"Mozilla/5.0 (Windows NT 10.0; Win64; x64) AppleWebKit/537.36 (KHTML, like Gecko) Chrome/120.0 Safari/537.36",Chrome,120.0,Windows,10,1366x768,Mobile,16,0,0,1
1761979547,u5,115.175.237.226,ID,DKI Jakarta,Jakarta,"Mozilla/5.0 (Macintosh; Intel Mac OS X 13_2) AppleWebKit/605.1.15 (KHTML, like Gecko) Version/16.1 Safari/605.1.15",Safari,16.1,MacOS,13.2,1920x1080,Desktop,16,0,0,1
1762202421,u3,204.71.152.15,SG,Central,Singapore,"Mozilla/5.0 (Linux; Android 13; SM-S918B) AppleWebKit/537.36 (KHTML, like Gecko) Chrome/121.0 Mobile Safari/537.36",Chrome,121.0,Android,13,1366x768,Mobile,7,1,0,0
1762086271,u1,158.153.130.99,ID,Jawa Barat,Bandung,"Mozilla/5.0 (Linux; Android 13; SM-S918B) AppleWebKit/537.36 (KHTML, like Gecko) Chrome/121.0 Mobile Safari/537.36",Chrome,121.0,Android,13,2400x1080,Mobile,14,0,0,1
1762211339,u1,116.27.208.231,ID,Jawa Barat,Bandung,"Mozilla/5.0 (iPhone; CPU iPhone OS 17_1 like Mac OS X) AppleWebKit/605.1.15 (KHTML, like Gecko) Version/17.1 Mobile/15E148 Safari/604.1",Safari,17.1,iOS,17.1,1366x768,Mobile,11,0,0,1
1762142834,u3,96.235.73.100,ID,Jawa Barat,Bandung,"Mozilla/5.0 (Macintosh; Intel Mac OS X 13_2) AppleWebKit/605.1.15 (KHTML, like Gecko) Version/16.1 Safari/605.1.15",Safari,16.1,MacOS,13.2,1920x1080,Desktop,5,0,0,1
1762413782,u4,73.65.186.219,SG,Central,Singapore,"Mozilla/5.0 (Windows NT 10.0; Win64; x64) AppleWebKit/537.36 (KHTML, like Gecko) Chrome/120.0 Safari/537.36",Chrome,120.0,Windows,10,2532x1170,Desktop,4,0,0,1
1762227027,u1,80.144.97.165,SG,Central,Singapore,"Mozilla/5.0 (Windows NT 10.0; Win64; x64) AppleWebKit/537.36 (KHTML, like Gecko) Chrome/120.0 Safari/537.36",Chrome,120.0,Windows,10,1366x768,Mobile,7,0,0,1
1762061567,u2,244.55.88.243,ID,DKI Jakarta,Jakarta,"Mozilla/5.0 (Windows NT 10.0; Win64; x64) AppleWebKit/537.36 (KHTML, like Gecko) Chrome/120.0 Safari/537.36",Chrome,120.0,Windows,10,2400x1080,Tablet,16,0,0,0
1762434045,u5,10.170.87.225,ID,DKI Jakarta,Jakarta,"Mozilla/5.0 (Macintosh; Intel Mac OS X 13_2) AppleWebKit/605.1.15 (KHTML, like Gecko) Version/16.1 Safari/605.1.15",Safari,16.1,MacOS,13.2,1366x768,Desktop,18,1,0,0
1762189464,u2,185.113.12.106,US,CA,San Francisco,"Mozilla/5.0 (Macintosh; Intel Mac OS X 13_2) AppleWebKit/605.1.15 (KHTML, like Gecko) Version/16.1 Safari/605.1.15",Safari,16.1,MacOS,13.2,1366x768,Desktop,14,0,0,1
1761973331,u4,232.214.50.95,ID,DKI Jakarta,Jakarta,"Mozilla/5.0 (iPhone; CPU iPhone OS 17_1 like Mac OS X) AppleWebKit/605.1.15 (KHTML, like Gecko) Version/17.1 Mobile/15E148 Safari/604.1",Safari,17.1,iOS,17.1,2532x1170,Tablet,10,0,0,0
1762426338,u2,210.52.206.155,US,CA,San Francisco,"Mozilla/5.0 (iPhone; CPU iPhone OS 17_1 like Mac OS X) AppleWebKit/605.1.15 (KHTML, like Gecko) Version/17.1 Mobile/15E148 Safari/604.1",Safari,17.1,iOS,17.1,2532x1170,Mobile,6,0,0,1
1762100314,u3,22.196.42.70,SG,Central,Singapore,"Mozilla/5.0 (Windows NT 10.0; Win64; x64) AppleWebKit/537.36 (KHTML, like Gecko) Chrome/120.0 Safari/537.36",Chrome,120.0,Windows,10,2400x1080,Mobile,7,0,0,1
1762179332,u1,107.14.102.129,ID,DKI Jakarta,Jakarta,"Mozilla/5.0 (iPhone; CPU iPhone OS 17_1 like Mac OS X) AppleWebKit/605.1.15 (KHTML, like Gecko) Version/17.1 Mobile/15E148 Safari/604.1",Safari,17.1,iOS,17.1,1920x1080,Desktop,9,0,0,1
1762270645,u3,203.38.36.10,ID,DKI Jakarta,Jakarta,"Mozilla/5.0 (iPhone; CPU iPhone OS 17_1 like Mac OS X) AppleWebKit/605.1.15 (KHTML, like Gecko) Version/17.1 Mobile/15E148 Safari/604.1",Safari,17.1,iOS,17.1,1920x1080,Mobile,10,1,0,0
1761995997,u1,66.56.214.39,US,CA,San Francisco,"Mozilla/5.0 (Macintosh; Intel Mac OS X 13_2) AppleWebKit/605.1.15 (KHTML, like Gecko) Version/16.1 Safari/605.1.15",Safari,16.1,MacOS,13.2,2400x1080,Mobile,14,0,0,1
1762047351,u4,17.29.215.232,US,CA,San Francisco,"Mozilla/5.0 (Windows NT 10.0; Win64; x64) AppleWebKit/537.36 (KHTML, like Gecko) Chrome/120.0 Safari/537.36",Chrome,120.0,Windows,10,2532x1170,Desktop,9,0,0,1
1762481687,u2,147.107.48.171,ID,Jawa Barat,Bandung,"Mozilla/5.0 (Macintosh; Intel Mac OS X 13_2) AppleWebKit/605.1.15 (KHTML, like Gecko) Version/16.1 Safari/605.1.15",Safari,16.1,MacOS,13.2,1366x768,Mobile,11,0,0,1
1762318621,u1,92.202.18.89,SG,Central,Singapore,"Mozilla/5.0 (Windows NT 10.0; Win64; x64) AppleWebKit/537.36 (KHTML, like Gecko) Chrome/120.0 Safari/537.36",Chrome,120.0,Windows,10,1920x1080,Mobile,11,0,0,1
1762069683,u2,213.200.176.119,ID,Jawa Barat,Bandung,"Mozilla/5.0 (Linux; Android 13; SM-S918B) AppleWebKit/537.36 (KHTML, like Gecko) Chrome/121.0 Mobile Safari/537.36",Chrome,121.0,Android,13,1366x768,Desktop,8,0,0,1
1762246321,u2,227.11.81.239,ID,DKI Jakarta,Jakarta,"Mozilla/5.0 (Macintosh; Intel Mac OS X 13_2) AppleWebKit/605.1.15 (KHTML, like Gecko) Version/16.1 Safari/605.1.15",Safari,16.1,MacOS,13.2,1920x1080,Tablet,10,0,1,0
1762223411,u3,221.200.13.222,US,CA,San Francisco,"Mozilla/5.0 (iPhone; CPU iPhone OS 17_1 like Mac OS X) AppleWebKit/605.1.15 (KHTML, like Gecko) Version/17.1 Mobile/15E148 Safari/604.1",Safari,17.1,iOS,17.1,2532x1170,Desktop,4,0,0,1
1762026959,u2,128.178.128.95,SG,Central,Singapore,"Mozilla/5.0 (Windows NT 10.0; Win64; x64) AppleWebKit/537.36 (KHTML, like Gecko) Chrome/120.0 Safari/537.36",Chrome,120.0,Windows,10,2532x1170,Mobile,16,0,0,1
1762487501,u2,140.76.83.27,SG,Central,Singapore,"Mozilla/5.0 (Windows NT 10.0; Win64; x64) AppleWebKit/537.36 (KHTML, like Gecko) Chrome/120.0 Safari/537.36",Chrome,120.0,Windows,10,2400x1080,Desktop,4,0,0,1
1762115391,u1,187.223.234.91,SG,Central,Singapore,"Mozilla/5.0 (Linux; Android 13; SM-S918B) AppleWebKit/537.36 (KHTML, like Gecko) Chrome/121.0 Mobile Safari/537.36",Chrome,121.0,Android,13,2532x1170,Mobile,5,0,0,1
1762112002,u2,244.8.37.218,SG,Central,Singapore,"Mozilla/5.0 (Windows NT 10.0; Win64; x64) AppleWebKit/537.36 (KHTML, like Gecko) Chrome/120.0 Safari/537.36",Chrome,120.0,Windows,10,1920x1080,Tablet,6,0,0,0
1762182475,u5,40.174.116.243,ID,Jawa Barat,Bandung,"Mozilla/5.0 (Macintosh; Intel Mac OS X 13_2) AppleWebKit/605.1.15 (KHTML, like Gecko) Version/16.1 Safari/605.1.15",Safari,16.1,MacOS,13.2,1920x1080,Desktop,10,0,0,1
1762452500,u3,167.72.64.246,SG,Central,Singapore,"Mozilla/5.0 (iPhone; CPU iPhone OS 17_1 like Mac OS X) AppleWebKit/605.1.15 (KHTML, like Gecko) Version/17.1 Mobile/15E148 Safari/604.1",Safari,17.1,iOS,17.1,1920x1080,Tablet,5,1,0,0
1762056399,u4,55.157.74.178,ID,Jawa Barat,Bandung,"Mozilla/5.0 (Macintosh; Intel Mac OS X 13_2) AppleWebKit/605.1.15 (KHTML, like Gecko) Version/16.1 Safari/605.1.15",Safari,16.1,MacOS,13.2,2400x1080,Tablet,5,0,0,0
1762236347,u4,23.208.175.248,ID,DKI Jakarta,Jakarta,"Mozilla/5.0 (Windows NT 10.0; Win64; x64) AppleWebKit/537.36 (KHTML, like Gecko) Chrome/120.0 Safari/537.36",Chrome,120.0,Windows,10,1366x768,Desktop,14,0,0,1
1762360716,u3,131.58.32.253,SG,Central,Singapore,"Mozilla/5.0 (Windows NT 10.0; Win64; x64) AppleWebKit/537.36 (KHTML, like Gecko) Chrome/120.0 Safari/537.36",Chrome,120.0,Windows,10,2532x1170,Mobile,14,0,0,1
1762481056,u4,206.252.142.34,ID,DKI Jakarta,Jakarta,"Mozilla/5.0 (Macintosh; Intel Mac OS X 13_2) AppleWebKit/605.1.15 (KHTML, like Gecko) Version/16.1 Safari/605.1.15",Safari,16.1,MacOS,13.2,2400x1080,Desktop,3,0,0,1
1762493692,u1,33.249.82.165,ID,Jawa Barat,Bandung,"Mozilla/5.0 (Linux; Android 13; SM-S918B) AppleWebKit/537.36 (KHTML, like Gecko) Chrome/121.0 Mobile Safari/537.36",Chrome,121.0,Android,13,2400x1080,Tablet,8,0,0,0
1762117826,u5,47.197.248.34,US,CA,San Francisco,"Mozilla/5.0 (iPhone; CPU iPhone OS 17_1 like Mac OS X) AppleWebKit/605.1.15 (KHTML, like Gecko) Version/17.1 Mobile/15E148 Safari/604.1",Safari,17.1,iOS,17.1,2532x1170,Desktop,4,0,0,1
1762308681,u5,230.73.217.21,ID,Jawa Barat,Bandung,"Mozilla/5.0 (Windows NT 10.0; Win64; x64) AppleWebKit/537.36 (KHTML, like Gecko) Chrome/120.0 Safari/537.36",Chrome,120.0,Windows,10,1366x768,Mobile,12,0,0,1
1762409775,u5,165.44.152.242,ID,DKI Jakarta,Jakarta,"Mozilla/5.0 (Linux; Android 13; SM-S918B) AppleWebKit/537.36 (KHTML, like Gecko) Chrome/121.0 Mobile Safari/537.36",Chrome,121.0,Android,13,1366x768,Tablet,13,0,0,0
1762539702,u2,197.147.107.159,ID,DKI Jakarta,Jakarta,"Mozilla/5.0 (Linux; Android 13; SM-S918B) AppleWebKit/537.36 (KHTML, like Gecko) Chrome/121.0 Mobile Safari/537.36",Chrome,121.0,Android,13,1920x1080,Desktop,20,0,0,0
1762508636,u4,77.117.19.177,US,CA,San Francisco,"Mozilla/5.0 (Linux; Android 13; SM-S918B) AppleWebKit/537.36 (KHTML, like Gecko) Chrome/121.0 Mobile Safari/537.36",Chrome,121.0,Android,13,2532x1170,Mobile,15,0,0,1
1762153375,u3,188.253.221.89,ID,DKI Jakarta,Jakarta,"Mozilla/5.0 (iPhone; CPU iPhone OS 17_1 like Mac OS X) AppleWebKit/605.1.15 (KHTML, like Gecko) Version/17.1 Mobile/15E148 Safari/604.1",Safari,17.1,iOS,17.1,2400x1080,Mobile,5,1,0,0
1762267150,u4,64.37.25.13,ID,DKI Jakarta,Jakarta,"Mozilla/5.0 (Linux; Android 13; SM-S918B) AppleWebKit/537.36 (KHTML, like Gecko) Chrome/121.0 Mobile Safari/537.36",Chrome,121.0,Android,13,1920x1080,Mobile,11,0,0,1
1762048472,u2,128.255.132.120,US,CA,San Francisco,"Mozilla/5.0 (iPhone; CPU iPhone OS 17_1 like Mac OS X) AppleWebKit/605.1.15 (KHTML, like Gecko) Version/17.1 Mobile/15E148 Safari/604.1",Safari,17.1,iOS,17.1,1366x768,Desktop,14,0,0,1
1762518464,u2,56.150.91.13,SG,Central,Singapore,"Mozilla/5.0 (iPhone; CPU iPhone OS 17_1 like Mac OS X) AppleWebKit/605.1.15 (KHTML, like Gecko) Version/17.1 Mobile/15E148 Safari/604.1",Safari,17.1,iOS,17.1,1920x1080,Desktop,1,0,0,1
1762151419,u3,196.104.94.12,SG,Central,Singapore,"Mozilla/5.0 (iPhone; CPU iPhone OS 17_1 like Mac OS X) AppleWebKit/605.1.15 (KHTML, like Gecko) Version/17.1 Mobile/15E148 Safari/604.1",Safari,17.1,iOS,17.1,2400x1080,Mobile,1,0,0,1
1762446877,u4,196.141.72.212,ID,Jawa Barat,Bandung,"Mozilla/5.0 (Macintosh; Intel Mac OS X 13_2) AppleWebKit/605.1.15 (KHTML, like Gecko) Version/16.1 Safari/605.1.15",Safari,16.1,MacOS,13.2,2532x1170,Tablet,7,0,0,0
1762529249,u2,155.131.103.129,ID,DKI Jakarta,Jakarta,"Mozilla/5.0 (Windows NT 10.0; Win64; x64) AppleWebKit/537.36 (KHTML, like Gecko) Chrome/120.0 Safari/537.36",Chrome,120.0,Windows,10,2400x1080,Mobile,11,0,0,1
1762424889,u4,39.156.229.132,ID,Jawa Barat,Bandung,"Mozilla/5.0 (Windows NT 10.0; Win64; x64) AppleWebKit/537.36 (KHTML, like Gecko) Chrome/120.0 Safari/537.36",Chrome,120.0,Windows,10,1366x768,Tablet,5,0,0,0
1762257106,u5,137.126.182.145,SG,Central,Singapore,"Mozilla/5.0 (Linux; Android 13; SM-S918B) AppleWebKit/537.36 (KHTML, like Gecko) Chrome/121.0 Mobile Safari/537.36",Chrome,121.0,Android,13,1366x768,Mobile,18,0,0,1
1762543518,u5,79.204.231.186,US,CA,San Francisco,"Mozilla/5.0 (Windows NT 10.0; Win64; x64) AppleWebKit/537.36 (KHTML, like Gecko) Chrome/120.0 Safari/537.36",Chrome,120.0,Windows,10,2532x1170,Mobile,9,0,0,1
1762538355,u4,38.211.175.63,US,CA,San Francisco,"Mozilla/5.0 (Linux; Android 13; SM-S918B) AppleWebKit/537.36 (KHTML, like Gecko) Chrome/121.0 Mobile Safari/537.36",Chrome,121.0,Android,13,1366x768,Tablet,15,0,0,0
1762076945,u2,106.129.199.157,ID,Jawa Barat,Bandung,"Mozilla/5.0 (Macintosh; Intel Mac OS X 13_2) AppleWebKit/605.1.15 (KHTML, like Gecko) Version/16.1 Safari/605.1.15",Safari,16.1,MacOS,13.2,1920x1080,Mobile,11,0,0,1
1761998651,u2,118.234.137.88,ID,Jawa Barat,Bandung,"Mozilla/5.0 (Macintosh; Intel Mac OS X 13_2) AppleWebKit/605.1.15 (KHTML, like Gecko) Version/16.1 Safari/605.1.15",Safari,16.1,MacOS,13.2,1366x768,Tablet,6,0,0,0
1762259388,u3,58.242.250.252,SG,Central,Singapore,"Mozilla/5.0 (Linux; Android 13; SM-S918B) AppleWebKit/537.36 (KHTML, like Gecko) Chrome/121.0 Mobile Safari/537.36",Chrome,121.0,Android,13,2400x1080,Desktop,16,0,0,1
1762173321,u3,32.147.174.140,SG,Central,Singapore,"Mozilla/5.0 (Macintosh; Intel Mac OS X 13_2) AppleWebKit/605.1.15 (KHTML, like Gecko) Version/16.1 Safari/605.1.15",Safari,16.1,MacOS,13.2,2400x1080,Mobile,3,0,0,1
1762302559,u1,89.237.114.168,US,CA,San Francisco,"Mozilla/5.0 (Linux; Android 13; SM-S918B) AppleWebKit/537.36 (KHTML, like Gecko) Chrome/121.0 Mobile Safari/537.36",Chrome,121.0,Android,13,1366x768,Mobile,10,1,0,0
1762014622,u5,62.63.13.172,US,CA,San Francisco,"Mozilla/5.0 (Macintosh; Intel Mac OS X 13_2) AppleWebKit/605.1.15 (KHTML, like Gecko) Version/16.1 Safari/605.1.15",Safari,16.1,MacOS,13.2,1366x768,Tablet,9,0,0,0
1761994373,u1,175.198.36.2,ID,DKI Jakarta,Jakarta,"Mozilla/5.0 (Macintosh; Intel Mac OS X 13_2) AppleWebKit/605.1.15 (KHTML, like Gecko) Version/16.1 Safari/605.1.15",Safari,16.1,MacOS,13.2,1920x1080,Desktop,16,0,0,1
1761969437,u1,233.197.23.167,ID,DKI Jakarta,Jakarta,"Mozilla/5.0 (iPhone; CPU iPhone OS 17_1 like Mac OS X) AppleWebKit/605.1.15 (KHTML, like Gecko) Version/17.1 Mobile/15E148 Safari/604.1",Safari,17.1,iOS,17.1,2400x1080,Mobile,5,0,0,1
1762376098,u1,215.102.202.127,ID,DKI Jakarta,Jakarta,"Mozilla/5.0 (Windows NT 10.0; Win64; x64) AppleWebKit/537.36 (KHTML, like Gecko) Chrome/120.0 Safari/537.36",Chrome,120.0,Windows,10,1366x768,Mobile,3,0,0,1
1762430741,u5,135.127.228.241,SG,Central,Singapore,"Mozilla/5.0 (Windows NT 10.0; Win64; x64) AppleWebKit/537.36 (KHTML, like Gecko) Chrome/120.0 Safari/537.36",Chrome,120.0,Windows,10,1920x1080,Mobile,7,0,0,1
1762217972,u3,184.48.4.189,US,CA,San Francisco,"Mozilla/5.0 (Linux; Android 13; SM-S918B) AppleWebKit/537.36 (KHTML, like Gecko) Chrome/121.0 Mobile Safari/537.36",Chrome,121.0,Android,13,1366x768,Desktop,9,0,0,1
1762424017,u1,103.172.25.48,SG,Central,Singapore,"Mozilla/5.0 (Macintosh; Intel Mac OS X 13_2) AppleWebKit/605.1.15 (KHTML, like Gecko) Version/16.1 Safari/605.1.15",Safari,16.1,MacOS,13.2,1366x768,Tablet,16,0,0,0
1761970754,u3,245.85.78.150,US,CA,San Francisco,"Mozilla/5.0 (Linux; Android 13; SM-S918B) AppleWebKit/537.36 (KHTML, like Gecko) Chrome/121.0 Mobile Safari/537.36",Chrome,121.0,Android,13,1366x768,Desktop,1,0,0,1
1762245375,u5,237.230.228.181,ID,Jawa Barat,Bandung,"Mozilla/5.0 (Linux; Android 13; SM-S918B) AppleWebKit/537.36 (KHTML, like Gecko) Chrome/121.0 Mobile Safari/537.36",Chrome,121.0,Android,13,2532x1170,Tablet,10,0,0,0
1762179685,u4,40.117.192.254,ID,Jawa Barat,Bandung,"Mozilla/5.0 (Linux; Android 13; SM-S918B) AppleWebKit/537.36 (KHTML, like Gecko) Chrome/121.0 Mobile Safari/537.36",Chrome,121.0,Android,13,2532x1170,Tablet,17,0,0,0
1761979886,u5,181.93.20.235,US,CA,San Francisco,"Mozilla/5.0 (iPhone; CPU iPhone OS 17_1 like Mac OS X) AppleWebKit/605.1.15 (KHTML, like Gecko) Version/17.1 Mobile/15E148 Safari/604.1",Safari,17.1,iOS,17.1,1366x768,Desktop,7,0,0,1
1762058886,u5,114.30.175.53,ID,Jawa Barat,Bandung,"Mozilla/5.0 (Windows NT 10.0; Win64; x64) AppleWebKit/537.36 (KHTML, like Gecko) Chrome/120.0 Safari/537.36",Chrome,120.0,Windows,10,1366x768,Tablet,3,0,0,0
1762568298,u3,186.6.102.66,ID,Jawa Barat,Bandung,"Mozilla/5.0 (iPhone; CPU iPhone OS 17_1 like Mac OS X) AppleWebKit/605.1.15 (KHTML, like Gecko) Version/17.1 Mobile/15E148 Safari/604.1",Safari,17.1,iOS,17.1,1920x1080,Mobile,13,0,0,1
1762076457,u1,240.229.18.253,ID,DKI Jakarta,Jakarta,"Mozilla/5.0 (Windows NT 10.0; Win64; x64) AppleWebKit/537.36 (KHTML, like Gecko) Chrome/120.0 Safari/537.36",Chrome,120.0,Windows,10,1920x1080,Mobile,13,0,1,0
1762101134,u4,96.255.229.98,ID,Jawa Barat,Bandung,"Mozilla/5.0 (Linux; Android 13; SM-S918B) AppleWebKit/537.36 (KHTML, like Gecko) Chrome/121.0 Mobile Safari/537.36",Chrome,121.0,Android,13,2400x1080,Desktop,11,0,0,1
1762384316,u2,168.221.90.31,US,CA,San Francisco,"Mozilla/5.0 (iPhone; CPU iPhone OS 17_1 like Mac OS X) AppleWebKit/605.1.15 (KHTML, like Gecko) Version/17.1 Mobile/15E148 Safari/604.1",Safari,17.1,iOS,17.1,1920x1080,Tablet,1,0,0,0
1762311924,u4,137.98.211.59,US,CA,San Francisco,"Mozilla/5.0 (Macintosh; Intel Mac OS X 13_2) AppleWebKit/605.1.15 (KHTML, like Gecko) Version/16.1 Safari/605.1.15",Safari,16.1,MacOS,13.2,1366x768,Desktop,10,0,0,1
1762555054,u1,9.208.170.108,US,CA,San Francisco,"Mozilla/5.0 (Linux; Android 13; SM-S918B) AppleWebKit/537.36 (KHTML, like Gecko) Chrome/121.0 Mobile Safari/537.36",Chrome,121.0,Android,13,1366x768,Mobile,3,0,0,1
1762325737,u2,190.12.103.113,ID,DKI Jakarta,Jakarta,"Mozilla/5.0 (Macintosh; Intel Mac OS X 13_2) AppleWebKit/605.1.15 (KHTML, like Gecko) Version/16.1 Safari/605.1.15",Safari,16.1,MacOS,13.2,1920x1080,Desktop,5,0,0,1
1762235218,u5,82.148.154.198,ID,DKI Jakarta,Jakarta,"Mozilla/5.0 (Windows NT 10.0; Win64; x64) AppleWebKit/537.36 (KHTML, like Gecko) Chrome/120.0 Safari/537.36",Chrome,120.0,Windows,10,1366x768,Tablet,6,0,0,0
1762123507,u5,226.189.234.45,ID,DKI Jakarta,Jakarta,"Mozilla/5.0 (Linux; Android 13; SM-S918B) AppleWebKit/537.36 (KHTML, like Gecko) Chrome/121.0 Mobile Safari/537.36",Chrome,121.0,Android,13,1366x768,Tablet,4,0,0,0
1762257004,u3,179.107.105.39,US,CA,San Francisco,"Mozilla/5.0 (Windows NT 10.0; Win64; x64) AppleWebKit/537.36 (KHTML, like Gecko) Chrome/120.0 Safari/537.36",Chrome,120.0,Windows,10,2532x1170,Tablet,9,0,0,0
1761987102,u1,144.106.248.107,US,CA,San Francisco,"Mozilla/5.0 (Macintosh; Intel Mac OS X 13_2) AppleWebKit/605.1.15 (KHTML, like Gecko) Version/16.1 Safari/605.1.15",Safari,16.1,MacOS,13.2,2400x1080,Desktop,12,0,0,1
1762371725,u4,217.95.24.138,ID,DKI Jakarta,Jakarta,"Mozilla/5.0 (iPhone; CPU iPhone OS 17_1 like Mac OS X) AppleWebKit/605.1.15 (KHTML, like Gecko) Version/17.1 Mobile/15E148 Safari/604.1",Safari,17.1,iOS,17.1,1366x768,Mobile,6,0,0,1
1762068778,u5,186.172.144.56,ID,Jawa Barat,Bandung,"Mozilla/5.0 (Linux; Android 13; SM-S918B) AppleWebKit/537.36 (KHTML, like Gecko) Chrome/121.0 Mobile Safari/537.36",Chrome,121.0,Android,13,2400x1080,Tablet,8,1,0,0
1762317082,u1,192.194.123.235,ID,DKI Jakarta,Jakarta,"Mozilla/5.0 (Linux; Android 13; SM-S918B) AppleWebKit/537.36 (KHTML, like Gecko) Chrome/121.0 Mobile Safari/537.36",Chrome,121.0,Android,13,2532x1170,Desktop,9,0,0,1
1762050026,u3,67.93.132.226,ID,DKI Jakarta,Jakarta,"Mozilla/5.0 (iPhone; CPU iPhone OS 17_1 like Mac OS X) AppleWebKit/605.1.15 (KHTML, like Gecko) Version/17.1 Mobile/15E148 Safari/604.1",Safari,17.1,iOS,17.1,1366x768,Tablet,8,0,0,0
1762418448,u4,12.145.222.57,US,CA,San Francisco,"Mozilla/5.0 (Windows NT 10.0; Win64; x64) AppleWebKit/537.36 (KHTML, like Gecko) Chrome/120.0 Safari/537.36",Chrome,120.0,Windows,10,2400x1080,Mobile,13,0,0,1
1762217498,u4,141.168.242.176,ID,Jawa Barat,Bandung,"Mozilla/5.0 (Linux; Android 13; SM-S918B) AppleWebKit/537.36 (KHTML, like Gecko) Chrome/121.0 Mobile Safari/537.36",Chrome,121.0,Android,13,2400x1080,Mobile,12,0,0,1
1762378471,u2,36.185.140.126,SG,Central,Singapore,"Mozilla/5.0 (iPhone; CPU iPhone OS 17_1 like Mac OS X) AppleWebKit/605.1.15 (KHTML, like Gecko) Version/17.1 Mobile/15E148 Safari/604.1",Safari,17.1,iOS,17.1,2400x1080,Mobile,13,0,0,1
1762041160,u1,182.39.3.56,ID,Jawa Barat,Bandung,"Mozilla/5.0 (Windows NT 10.0; Win64; x64) AppleWebKit/537.36 (KHTML, like Gecko) Chrome/120.0 Safari/537.36",Chrome,120.0,Windows,10,1920x1080,Tablet,10,1,0,0
1762013394,u4,169.125.5.2,US,CA,San Francisco,"Mozilla/5.0 (Linux; Android 13; SM-S918B) AppleWebKit/537.36 (KHTML, like Gecko) Chrome/121.0 Mobile Safari/537.36",Chrome,121.0,Android,13,1920x1080,Tablet,10,0,0,0
1762459245,u4,207.241.233.46,US,CA,San Francisco,"Mozilla/5.0 (Windows NT 10.0; Win64; x64) AppleWebKit/537.36 (KHTML, like Gecko) Chrome/120.0 Safari/537.36",Chrome,120.0,Windows,10,1920x1080,Tablet,8,0,0,0
1762180287,u3,69.204.102.21,ID,Jawa Barat,Bandung,"Mozilla/5.0 (Macintosh; Intel Mac OS X 13_2) AppleWebKit/605.1.15 (KHTML, like Gecko) Version/16.1 Safari/605.1.15",Safari,16.1,MacOS,13.2,1366x768,Desktop,3,0,0,1
1761991910,u1,24.104.98.97,US,CA,San Francisco,"Mozilla/5.0 (iPhone; CPU iPhone OS 17_1 like Mac OS X) AppleWebKit/605.1.15 (KHTML, like Gecko) Version/17.1 Mobile/15E148 Safari/604.1",Safari,17.1,iOS,17.1,1366x768,Tablet,11,0,0,0
1762471465,u4,166.201.85.145,US,CA,San Francisco,"Mozilla/5.0 (Windows NT 10.0; Win64; x64) AppleWebKit/537.36 (KHTML, like Gecko) Chrome/120.0 Safari/537.36",Chrome,120.0,Windows,10,1920x1080,Tablet,17,0,0,0
1762536959,u3,231.140.145.169,ID,Jawa Barat,Bandung,"Mozilla/5.0 (Macintosh; Intel Mac OS X 13_2) AppleWebKit/605.1.15 (KHTML, like Gecko) Version/16.1 Safari/605.1.15",Safari,16.1,MacOS,13.2,1366x768,Tablet,14,1,1,0
1761980106,u4,238.20.77.42,ID,DKI Jakarta,Jakarta,"Mozilla/5.0 (Linux; Android 13; SM-S918B) AppleWebKit/537.36 (KHTML, like Gecko) Chrome/121.0 Mobile Safari/537.36",Chrome,121.0,Android,13,1920x1080,Desktop,6,0,0,1
1762469029,u5,191.250.89.14,ID,DKI Jakarta,Jakarta,"Mozilla/5.0 (iPhone; CPU iPhone OS 17_1 like Mac OS X) AppleWebKit/605.1.15 (KHTML, like Gecko) Version/17.1 Mobile/15E148 Safari/604.1",Safari,17.1,iOS,17.1,2532x1170,Mobile,10,0,0,1
1762540395,u5,102.249.199.84,US,CA,San Francisco,"Mozilla/5.0 (Macintosh; Intel Mac OS X 13_2) AppleWebKit/605.1.15 (KHTML, like Gecko) Version/16.1 Safari/605.1.15",Safari,16.1,MacOS,13.2,1920x1080,Mobile,7,0,0,1
1762313038,u4,22.198.159.76,SG,Central,Singapore,"Mozilla/5.0 (iPhone; CPU iPhone OS 17_1 like Mac OS X) AppleWebKit/605.1.15 (KHTML, like Gecko) Version/17.1 Mobile/15E148 Safari/604.1",Safari,17.1,iOS,17.1,2400x1080,Desktop,2,0,0,1
1762459733,u2,190.100.82.93,ID,Jawa Barat,Bandung,"Mozilla/5.0 (Windows NT 10.0; Win64; x64) AppleWebKit/537.36 (KHTML, like Gecko) Chrome/120.0 Safari/537.36",Chrome,120.0,Windows,10,2532x1170,Desktop,19,0,0,1
1762463149,u4,143.143.132.105,ID,Jawa Barat,Bandung,"Mozilla/5.0 (Windows NT 10.0; Win64; x64) AppleWebKit/537.36 (KHTML, like Gecko) Chrome/120.0 Safari/537.36",Chrome,120.0,Windows,10,2532x1170,Mobile,7,1,0,0
1762137548,u3,222.99.4.75,ID,Jawa Barat,Bandung,"Mozilla/5.0 (Windows NT 10.0; Win64; x64) AppleWebKit/537.36 (KHTML, like Gecko) Chrome/120.0 Safari/537.36",Chrome,120.0,Windows,10,2532x1170,Tablet,13,1,0,0
1762115668,u3,127.38.17.43,US,CA,San Francisco,"Mozilla/5.0 (Windows NT 10.0; Win64; x64) AppleWebKit/537.36 (KHTML, like Gecko) Chrome/120.0 Safari/537.36",Chrome,120.0,Windows,10,1366x768,Tablet,2,0,0,0
1762366412,u2,185.161.127.153,SG,Central,Singapore,"Mozilla/5.0 (iPhone; CPU iPhone OS 17_1 like Mac OS X) AppleWebKit/605.1.15 (KHTML, like Gecko) Version/17.1 Mobile/15E148 Safari/604.1",Safari,17.1,iOS,17.1,2532x1170,Mobile,8,0,0,1
1762428723,u3,113.86.111.209,US,CA,San Francisco,"Mozilla/5.0 (Windows NT 10.0; Win64; x64) AppleWebKit/537.36 (KHTML, like Gecko) Chrome/120.0 Safari/537.36",Chrome,120.0,Windows,10,1366x768,Mobile,15,0,0,1
1762056601,u3,75.189.178.163,SG,Central,Singapore,"Mozilla/5.0 (Linux; Android 13; SM-S918B) AppleWebKit/537.36 (KHTML, like Gecko) Chrome/121.0 Mobile Safari/537.36",Chrome,121.0,Android,13,1366x768,Mobile,10,0,0,1
1761994639,u5,140.47.175.197,ID,DKI Jakarta,Jakarta,"Mozilla/5.0 (Linux; Android 13; SM-S918B) AppleWebKit/537.36 (KHTML, like Gecko) Chrome/121.0 Mobile Safari/537.36",Chrome,121.0,Android,13,2400x1080,Mobile,12,1,0,0
1762142443,u1,210.218.204.204,ID,Jawa Barat,Bandung,"Mozilla/5.0 (iPhone; CPU iPhone OS 17_1 like Mac OS X) AppleWebKit/605.1.15 (KHTML, like Gecko) Version/17.1 Mobile/15E148 Safari/604.1",Safari,17.1,iOS,17.1,1366x768,Mobile,5,0,0,1
1762151185,u4,254.154.123.150,US,CA,San Francisco,"Mozilla/5.0 (Macintosh; Intel Mac OS X 13_2) AppleWebKit/605.1.15 (KHTML, like Gecko) Version/16.1 Safari/605.1.15",Safari,16.1,MacOS,13.2,2532x1170,Desktop,9,0,0,1
1762199206,u1,28.197.64.169,US,CA,San Francisco,"Mozilla/5.0 (Windows NT 10.0; Win64; x64) AppleWebKit/537.36 (KHTML, like Gecko) Chrome/120.0 Safari/537.36",Chrome,120.0,Windows,10,2532x1170,Tablet,12,0,0,0
1761968281,u5,192.133.143.149,ID,DKI Jakarta,Jakarta,"Mozilla/5.0 (Windows NT 10.0; Win64; x64) AppleWebKit/537.36 (KHTML, like Gecko) Chrome/120.0 Safari/537.36",Chrome,120.0,Windows,10,2400x1080,Mobile,15,1,0,0
1762461832,u5,39.89.7.124,ID,DKI Jakarta,Jakarta,"Mozilla/5.0 (iPhone; CPU iPhone OS 17_1 like Mac OS X) AppleWebKit/605.1.15 (KHTML, like Gecko) Version/17.1 Mobile/15E148 Safari/604.1",Safari,17.1,iOS,17.1,2532x1170,Mobile,8,0,0,1
1762469094,u2,134.124.90.122,SG,Central,Singapore,"Mozilla/5.0 (iPhone; CPU iPhone OS 17_1 like Mac OS X) AppleWebKit/605.1.15 (KHTML, like Gecko) Version/17.1 Mobile/15E148 Safari/604.1",Safari,17.1,iOS,17.1,1920x1080,Desktop,13,0,0,1
1762456784,u1,6.218.88.166,US,CA,San Francisco,"Mozilla/5.0 (iPhone; CPU iPhone OS 17_1 like Mac OS X) AppleWebKit/605.1.15 (KHTML, like Gecko) Version/17.1 Mobile/15E148 Safari/604.1",Safari,17.1,iOS,17.1,2532x1170,Desktop,2,0,0,1
1762118334,u4,162.48.48.164,ID,DKI Jakarta,Jakarta,"Mozilla/5.0 (Macintosh; Intel Mac OS X 13_2) AppleWebKit/605.1.15 (KHTML, like Gecko) Version/16.1 Safari/605.1.15",Safari,16.1,MacOS,13.2,1366x768,Tablet,13,0,0,0
1762505857,u2,53.72.193.181,US,CA,San Francisco,"Mozilla/5.0 (Windows NT 10.0; Win64; x64) AppleWebKit/537.36 (KHTML, like Gecko) Chrome/120.0 Safari/537.36",Chrome,120.0,Windows,10,1366x768,Mobile,15,0,0,1
1762451678,u3,153.100.157.101,ID,Jawa Barat,Bandung,"Mozilla/5.0 (Macintosh; Intel Mac OS X 13_2) AppleWebKit/605.1.15 (KHTML, like Gecko) Version/16.1 Safari/605.1.15",Safari,16.1,MacOS,13.2,2532x1170,Mobile,10,0,0,1
1762431005,u3,236.158.152.22,SG,Central,Singapore,"Mozilla/5.0 (Linux; Android 13; SM-S918B) AppleWebKit/537.36 (KHTML, like Gecko) Chrome/121.0 Mobile Safari/537.36",Chrome,121.0,Android,13,2400x1080,Tablet,12,0,0,0
1762376683,u5,36.148.99.109,SG,Central,Singapore,"Mozilla/5.0 (Windows NT 10.0; Win64; x64) AppleWebKit/537.36 (KHTML, like Gecko) Chrome/120.0 Safari/537.36",Chrome,120.0,Windows,10,1366x768,Mobile,13,1,0,0
1762561411,u4,159.14.222.92,US,CA,San Francisco,"Mozilla/5.0 (Macintosh; Intel Mac OS X 13_2) AppleWebKit/605.1.15 (KHTML, like Gecko) Version/16.1 Safari/605.1.15",Safari,16.1,MacOS,13.2,1366x768,Mobile,13,0,0,1
1762396082,u4,182.216.114.126,US,CA,San Francisco,"Mozilla/5.0 (Macintosh; Intel Mac OS X 13_2) AppleWebKit/605.1.15 (KHTML, like Gecko) Version/16.1 Safari/605.1.15",Safari,16.1,MacOS,13.2,1366x768,Mobile,15,0,0,1
1762052086,u3,44.200.118.145,ID,Jawa Barat,Bandung,"Mozilla/5.0 (Windows NT 10.0; Win64; x64) AppleWebKit/537.36 (KHTML, like Gecko) Chrome/120.0 Safari/537.36",Chrome,120.0,Windows,10,1366x768,Mobile,8,1,0,0
1762464068,u4,140.56.254.109,ID,Jawa Barat,Bandung,"Mozilla/5.0 (Windows NT 10.0; Win64; x64) AppleWebKit/537.36 (KHTML, like Gecko) Chrome/120.0 Safari/537.36",Chrome,120.0,Windows,10,2532x1170,Tablet,12,0,1,0
1762323004,u1,113.222.255.31,ID,DKI Jakarta,Jakarta,"Mozilla/5.0 (Linux; Android 13; SM-S918B) AppleWebKit/537.36 (KHTML, like Gecko) Chrome/121.0 Mobile Safari/537.36",Chrome,121.0,Android,13,1920x1080,Mobile,5,0,0,1
1762006520,u5,90.137.72.153,ID,DKI Jakarta,Jakarta,"Mozilla/5.0 (Linux; Android 13; SM-S918B) AppleWebKit/537.36 (KHTML, like Gecko) Chrome/121.0 Mobile Safari/537.36",Chrome,121.0,Android,13,2400x1080,Desktop,3,0,0,1
1762471609,u5,253.231.174.209,ID,DKI Jakarta,Jakarta,"Mozilla/5.0 (Linux; Android 13; SM-S918B) AppleWebKit/537.36 (KHTML, like Gecko) Chrome/121.0 Mobile Safari/537.36",Chrome,121.0,Android,13,2532x1170,Mobile,4,0,0,1
1762159683,u3,213.64.195.216,ID,DKI Jakarta,Jakarta,"Mozilla/5.0 (iPhone; CPU iPhone OS 17_1 like Mac OS X) AppleWebKit/605.1.15 (KHTML, like Gecko) Version/17.1 Mobile/15E148 Safari/604.1",Safari,17.1,iOS,17.1,1920x1080,Mobile,11,0,0,1
1762184460,u1,104.132.192.72,US,CA,San Francisco,"Mozilla/5.0 (Macintosh; Intel Mac OS X 13_2) AppleWebKit/605.1.15 (KHTML, like Gecko) Version/16.1 Safari/605.1.15",Safari,16.1,MacOS,13.2,2532x1170,Tablet,8,0,0,0
1762505052,u4,163.171.179.92,US,CA,San Francisco,"Mozilla/5.0 (iPhone; CPU iPhone OS 17_1 like Mac OS X) AppleWebKit/605.1.15 (KHTML, like Gecko) Version/17.1 Mobile/15E148 Safari/604.1",Safari,17.1,iOS,17.1,2532x1170,Tablet,18,0,0,0
1761977816,u3,87.141.148.34,US,CA,San Francisco,"Mozilla/5.0 (Macintosh; Intel Mac OS X 13_2) AppleWebKit/605.1.15 (KHTML, like Gecko) Version/16.1 Safari/605.1.15",Safari,16.1,MacOS,13.2,2400x1080,Desktop,10,0,0,1
1762122879,u2,113.117.1.254,US,CA,San Francisco,"Mozilla/5.0 (Linux; Android 13; SM-S918B) AppleWebKit/537.36 (KHTML, like Gecko) Chrome/121.0 Mobile Safari/537.36",Chrome,121.0,Android,13,1920x1080,Desktop,17,0,0,1
1762181553,u1,168.93.65.22,ID,DKI Jakarta,Jakarta,"Mozilla/5.0 (Macintosh; Intel Mac OS X 13_2) AppleWebKit/605.1.15 (KHTML, like Gecko) Version/16.1 Safari/605.1.15",Safari,16.1,MacOS,13.2,2532x1170,Desktop,15,0,0,1
1762432314,u1,1.55.123.20,ID,DKI Jakarta,Jakarta,"Mozilla/5.0 (Windows NT 10.0; Win64; x64) AppleWebKit/537.36 (KHTML, like Gecko) Chrome/120.0 Safari/537.36",Chrome,120.0,Windows,10,2400x1080,Tablet,7,0,0,0
1762331391,u4,178.34.123.19,ID,DKI Jakarta,Jakarta,"Mozilla/5.0 (iPhone; CPU iPhone OS 17_1 like Mac OS X) AppleWebKit/605.1.15 (KHTML, like Gecko) Version/17.1 Mobile/15E148 Safari/604.1",Safari,17.1,iOS,17.1,1920x1080,Desktop,17,0,0,1
1762499725,u2,165.255.174.37,US,CA,San Francisco,"Mozilla/5.0 (Windows NT 10.0; Win64; x64) AppleWebKit/537.36 (KHTML, like Gecko) Chrome/120.0 Safari/537.36",Chrome,120.0,Windows,10,1920x1080,Desktop,6,1,0,0
1762107586,u2,236.106.158.176,ID,Jawa Barat,Bandung,"Mozilla/5.0 (Macintosh; Intel Mac OS X 13_2) AppleWebKit/605.1.15 (KHTML, like Gecko) Version/16.1 Safari/605.1.15",Safari,16.1,MacOS,13.2,2400x1080,Mobile,19,0,0,1
1762483118,u3,203.36.64.71,ID,DKI Jakarta,Jakarta,"Mozilla/5.0 (Windows NT 10.0; Win64; x64) AppleWebKit/537.36 (KHTML, like Gecko) Chrome/120.0 Safari/537.36",Chrome,120.0,Windows,10,1920x1080,Desktop,10,0,0,1
1762261561,u5,131.49.192.101,ID,DKI Jakarta,Jakarta,"Mozilla/5.0 (Linux; Android 13; SM-S918B) AppleWebKit/537.36 (KHTML, like Gecko) Chrome/121.0 Mobile Safari/537.36",Chrome,121.0,Android,13,1920x1080,Tablet,3,0,0,0
1762433065,u1,253.93.240.82,ID,Jawa Barat,Bandung,"Mozilla/5.0 (Macintosh; Intel Mac OS X 13_2) AppleWebKit/605.1.15 (KHTML, like Gecko) Version/16.1 Safari/605.1.15",Safari,16.1,MacOS,13.2,2400x1080,Mobile,14,0,0,1
1762296538,u1,5.151.18.4,US,CA,San Francisco,"Mozilla/5.0 (iPhone; CPU iPhone OS 17_1 like Mac OS X) AppleWebKit/605.1.15 (KHTML, like Gecko) Version/17.1 Mobile/15E148 Safari/604.1",Safari,17.1,iOS,17.1,2532x1170,Tablet,13,0,0,0
1762411362,u4,22.164.138.138,ID,DKI Jakarta,Jakarta,"Mozilla/5.0 (Windows NT 10.0; Win64; x64) AppleWebKit/537.36 (KHTML, like Gecko) Chrome/120.0 Safari/537.36",Chrome,120.0,Windows,10,1920x1080,Mobile,2,0,0,1
1762502133,u2,138.84.101.151,SG,Central,Singapore,"Mozilla/5.0 (Windows NT 10.0; Win64; x64) AppleWebKit/537.36 (KHTML, like Gecko) Chrome/120.0 Safari/537.36",Chrome,120.0,Windows,10,2532x1170,Desktop,9,0,0,1
1762387281,u1,80.171.190.169,SG,Central,Singapore,"Mozilla/5.0 (iPhone; CPU iPhone OS 17_1 like Mac OS X) AppleWebKit/605.1.15 (KHTML, like Gecko) Version/17.1 Mobile/15E148 Safari/604.1",Safari,17.1,iOS,17.1,1366x768,Desktop,10,1,0,0
1762299619,u3,134.133.201.211,ID,Jawa Barat,Bandung,"Mozilla/5.0 (Windows NT 10.0; Win64; x64) AppleWebKit/537.36 (KHTML, like Gecko) Chrome/120.0 Safari/537.36",Chrome,120.0,Windows,10,1366x768,Tablet,21,1,0,0
1762022159,u1,86.207.110.70,ID,DKI Jakarta,Jakarta,"Mozilla/5.0 (Linux; Android 13; SM-S918B) AppleWebKit/537.36 (KHTML, like Gecko) Chrome/121.0 Mobile Safari/537.36",Chrome,121.0,Android,13,1366x768,Tablet,10,0,0,0
1762406508,u4,220.146.43.95,ID,Jawa Barat,Bandung,"Mozilla/5.0 (Linux; Android 13; SM-S918B) AppleWebKit/537.36 (KHTML, like Gecko) Chrome/121.0 Mobile Safari/537.36",Chrome,121.0,Android,13,1920x1080,Mobile,6,0,0,1
1762414084,u1,121.94.99.236,SG,Central,Singapore,"Mozilla/5.0 (Windows NT 10.0; Win64; x64) AppleWebKit/537.36 (KHTML, like Gecko) Chrome/120.0 Safari/537.36",Chrome,120.0,Windows,10,1920x1080,Desktop,9,0,1,0
1762180542,u3,70.212.20.147,ID,DKI Jakarta,Jakarta,"Mozilla/5.0 (Windows NT 10.0; Win64; x64) AppleWebKit/537.36 (KHTML, like Gecko) Chrome/120.0 Safari/537.36",Chrome,120.0,Windows,10,2400x1080,Desktop,9,0,0,1
1762245669,u4,222.73.199.217,ID,Jawa Barat,Bandung,"Mozilla/5.0 (Windows NT 10.0; Win64; x64) AppleWebKit/537.36 (KHTML, like Gecko) Chrome/120.0 Safari/537.36",Chrome,120.0,Windows,10,1366x768,Desktop,14,0,1,0
1762185297,u3,190.160.63.119,SG,Central,Singapore,"Mozilla/5.0 (Windows NT 10.0; Win64; x64) AppleWebKit/537.36 (KHTML, like Gecko) Chrome/120.0 Safari/537.36",Chrome,120.0,Windows,10,2400x1080,Desktop,3,0,0,1
1762176907,u1,244.86.1.195,US,CA,San Francisco,"Mozilla/5.0 (Macintosh; Intel Mac OS X 13_2) AppleWebKit/605.1.15 (KHTML, like Gecko) Version/16.1 Safari/605.1.15",Safari,16.1,MacOS,13.2,1366x768,Desktop,15,0,0,1
1762473914,u1,249.37.183.72,SG,Central,Singapore,"Mozilla/5.0 (Windows NT 10.0; Win64; x64) AppleWebKit/537.36 (KHTML, like Gecko) Chrome/120.0 Safari/537.36",Chrome,120.0,Windows,10,1366x768,Tablet,10,0,0,0
1762492994,u5,35.164.210.101,ID,Jawa Barat,Bandung,"Mozilla/5.0 (Macintosh; Intel Mac OS X 13_2) AppleWebKit/605.1.15 (KHTML, like Gecko) Version/16.1 Safari/605.1.15",Safari,16.1,MacOS,13.2,2400x1080,Tablet,14,0,0,0
1762237952,u4,180.213.189.84,ID,Jawa Barat,Bandung,"Mozilla/5.0 (iPhone; CPU iPhone OS 17_1 like Mac OS X) AppleWebKit/605.1.15 (KHTML, like Gecko) Version/17.1 Mobile/15E148 Safari/604.1",Safari,17.1,iOS,17.1,1366x768,Desktop,6,0,0,1
1762145200,u1,43.116.120.81,US,CA,San Francisco,"Mozilla/5.0 (Linux; Android 13; SM-S918B) AppleWebKit/537.36 (KHTML, like Gecko) Chrome/121.0 Mobile Safari/537.36",Chrome,121.0,Android,13,1366x768,Desktop,12,0,0,1
1762252467,u1,24.41.207.176,ID,Jawa Barat,Bandung,"Mozilla/5.0 (Linux; Android 13; SM-S918B) AppleWebKit/537.36 (KHTML, like Gecko) Chrome/121.0 Mobile Safari/537.36",Chrome,121.0,Android,13,1366x768,Mobile,9,0,0,1
1762538868,u3,67.210.254.45,ID,Jawa Barat,Bandung,"Mozilla/5.0 (Macintosh; Intel Mac OS X 13_2) AppleWebKit/605.1.15 (KHTML, like Gecko) Version/16.1 Safari/605.1.15",Safari,16.1,MacOS,13.2,2532x1170,Desktop,13,0,0,1
1762338373,u2,32.4.16.213,US,CA,San Francisco,"Mozilla/5.0 (iPhone; CPU iPhone OS 17_1 like Mac OS X) AppleWebKit/605.1.15 (KHTML, like Gecko) Version/17.1 Mobile/15E148 Safari/604.1",Safari,17.1,iOS,17.1,1366x768,Desktop,12,0,0,1
1762106488,u1,6.17.51.232,ID,DKI Jakarta,Jakarta,"Mozilla/5.0 (Macintosh; Intel Mac OS X 13_2) AppleWebKit/605.1.15 (KHTML, like Gecko) Version/16.1 Safari/605.1.15",Safari,16.1,MacOS,13.2,2400x1080,Mobile,5,1,0,0
1762157273,u2,237.147.111.211,ID,DKI Jakarta,Jakarta,"Mozilla/5.0 (Windows NT 10.0; Win64; x64) AppleWebKit/537.36 (KHTML, like Gecko) Chrome/120.0 Safari/537.36",Chrome,120.0,Windows,10,2532x1170,Desktop,1,1,0,0
1762313735,u4,227.39.9.158,US,CA,San Francisco,"Mozilla/5.0 (Windows NT 10.0; Win64; x64) AppleWebKit/537.36 (KHTML, like Gecko) Chrome/120.0 Safari/537.36",Chrome,120.0,Windows,10,2400x1080,Tablet,5,0,0,0
1762020103,u4,36.108.52.165,SG,Central,Singapore,"Mozilla/5.0 (iPhone; CPU iPhone OS 17_1 like Mac OS X) AppleWebKit/605.1.15 (KHTML, like Gecko) Version/17.1 Mobile/15E148 Safari/604.1",Safari,17.1,iOS,17.1,2400x1080,Tablet,12,0,1,0
1762544130,u5,83.100.70.47,ID,DKI Jakarta,Jakarta,"Mozilla/5.0 (Windows NT 10.0; Win64; x64) AppleWebKit/537.36 (KHTML, like Gecko) Chrome/120.0 Safari/537.36",Chrome,120.0,Windows,10,2400x1080,Tablet,6,0,0,0
1762404081,u5,92.197.150.60,SG,Central,Singapore,"Mozilla/5.0 (Macintosh; Intel Mac OS X 13_2) AppleWebKit/605.1.15 (KHTML, like Gecko) Version/16.1 Safari/605.1.15",Safari,16.1,MacOS,13.2,1920x1080,Mobile,14,1,0,0
1762164169,u2,148.217.252.205,ID,Jawa Barat,Bandung,"Mozilla/5.0 (Macintosh; Intel Mac OS X 13_2) AppleWebKit/605.1.15 (KHTML, like Gecko) Version/16.1 Safari/605.1.15",Safari,16.1,MacOS,13.2,1366x768,Mobile,1,0,0,1
1762202694,u3,234.152.8.181,SG,Central,Singapore,"Mozilla/5.0 (Macintosh; Intel Mac OS X 13_2) AppleWebKit/605.1.15 (KHTML, like Gecko) Version/16.1 Safari/605.1.15",Safari,16.1,MacOS,13.2,1366x768,Desktop,8,0,0,1
1762223611,u2,6.135.123.1,ID,DKI Jakarta,Jakarta,"Mozilla/5.0 (Macintosh; Intel Mac OS X 13_2) AppleWebKit/605.1.15 (KHTML, like Gecko) Version/16.1 Safari/605.1.15",Safari,16.1,MacOS,13.2,2400x1080,Tablet,7,1,0,0
1762422926,u3,16.6.38.151,ID,DKI Jakarta,Jakarta,"Mozilla/5.0 (Macintosh; Intel Mac OS X 13_2) AppleWebKit/605.1.15 (KHTML, like Gecko) Version/16.1 Safari/605.1.15",Safari,16.1,MacOS,13.2,2532x1170,Tablet,15,0,0,0
1762113370,u3,35.250.41.188,ID,Jawa Barat,Bandung,"Mozilla/5.0 (Linux; Android 13; SM-S918B) AppleWebKit/537.36 (KHTML, like Gecko) Chrome/121.0 Mobile Safari/537.36",Chrome,121.0,Android,13,1920x1080,Mobile,7,0,0,1
1762387590,u5,202.92.58.171,US,CA,San Francisco,"Mozilla/5.0 (Linux; Android 13; SM-S918B) AppleWebKit/537.36 (KHTML, like Gecko) Chrome/121.0 Mobile Safari/537.36",Chrome,121.0,Android,13,1366x768,Tablet,2,0,0,0
1762339834,u5,9.47.155.82,US,CA,San Francisco,"Mozilla/5.0 (Linux; Android 13; SM-S918B) AppleWebKit/537.36 (KHTML, like Gecko) Chrome/121.0 Mobile Safari/537.36",Chrome,121.0,Android,13,2532x1170,Desktop,10,0,0,1
1762478424,u3,43.163.227.247,ID,Jawa Barat,Bandung,"Mozilla/5.0 (iPhone; CPU iPhone OS 17_1 like Mac OS X) AppleWebKit/605.1.15 (KHTML, like Gecko) Version/17.1 Mobile/15E148 Safari/604.1",Safari,17.1,iOS,17.1,1366x768,Mobile,10,0,0,1
1762131421,u1,13.99.113.188,SG,Central,Singapore,"Mozilla/5.0 (iPhone; CPU iPhone OS 17_1 like Mac OS X) AppleWebKit/605.1.15 (KHTML, like Gecko) Version/17.1 Mobile/15E148 Safari/604.1",Safari,17.1,iOS,17.1,1920x1080,Mobile,11,0,0,1
1762334919,u4,202.222.148.167,ID,DKI Jakarta,Jakarta,"Mozilla/5.0 (iPhone; CPU iPhone OS 17_1 like Mac OS X) AppleWebKit/605.1.15 (KHTML, like Gecko) Version/17.1 Mobile/15E148 Safari/604.1",Safari,17.1,iOS,17.1,2400x1080,Mobile,17,0,0,1
1762492814,u2,228.97.42.188,ID,DKI Jakarta,Jakarta,"Mozilla/5.0 (iPhone; CPU iPhone OS 17_1 like Mac OS X) AppleWebKit/605.1.15 (KHTML, like Gecko) Version/17.1 Mobile/15E148 Safari/604.1",Safari,17.1,iOS,17.1,1920x1080,Desktop,8,0,1,0
1762515302,u2,156.228.112.41,ID,Jawa Barat,Bandung,"Mozilla/5.0 (Linux; Android 13; SM-S918B) AppleWebKit/537.36 (KHTML, like Gecko) Chrome/121.0 Mobile Safari/537.36",Chrome,121.0,Android,13,2400x1080,Tablet,14,1,0,0
1762159472,u3,77.61.25.13,ID,Jawa Barat,Bandung,"Mozilla/5.0 (Linux; Android 13; SM-S918B) AppleWebKit/537.36 (KHTML, like Gecko) Chrome/121.0 Mobile Safari/537.36",Chrome,121.0,Android,13,1366x768,Desktop,4,0,0,1
1762354454,u5,123.52.25.7,US,CA,San Francisco,"Mozilla/5.0 (Macintosh; Intel Mac OS X 13_2) AppleWebKit/605.1.15 (KHTML, like Gecko) Version/16.1 Safari/605.1.15",Safari,16.1,MacOS,13.2,1920x1080,Mobile,13,1,1,0
1762377597,u3,24.165.140.100,ID,DKI Jakarta,Jakarta,"Mozilla/5.0 (Linux; Android 13; SM-S918B) AppleWebKit/537.36 (KHTML, like Gecko) Chrome/121.0 Mobile Safari/537.36",Chrome,121.0,Android,13,1920x1080,Mobile,12,0,0,1
1761979804,u4,68.58.215.69,SG,Central,Singapore,"Mozilla/5.0 (iPhone; CPU iPhone OS 17_1 like Mac OS X) AppleWebKit/605.1.15 (KHTML, like Gecko) Version/17.1 Mobile/15E148 Safari/604.1",Safari,17.1,iOS,17.1,2532x1170,Desktop,6,0,0,1
1762023492,u2,142.16.216.100,ID,Jawa Barat,Bandung,"Mozilla/5.0 (Macintosh; Intel Mac OS X 13_2) AppleWebKit/605.1.15 (KHTML, like Gecko) Version/16.1 Safari/605.1.15",Safari,16.1,MacOS,13.2,1920x1080,Desktop,5,0,0,1
1761972214,u1,129.147.231.133,US,CA,San Francisco,"Mozilla/5.0 (iPhone; CPU iPhone OS 17_1 like Mac OS X) AppleWebKit/605.1.15 (KHTML, like Gecko) Version/17.1 Mobile/15E148 Safari/604.1",Safari,17.1,iOS,17.1,1366x768,Mobile,2,0,0,1
1762114917,u1,109.21.253.175,ID,DKI Jakarta,Jakarta,"Mozilla/5.0 (Windows NT 10.0; Win64; x64) AppleWebKit/537.36 (KHTML, like Gecko) Chrome/120.0 Safari/537.36",Chrome,120.0,Windows,10,2400x1080,Desktop,12,0,0,1
1761992589,u1,23.100.143.102,ID,DKI Jakarta,Jakarta,"Mozilla/5.0 (Macintosh; Intel Mac OS X 13_2) AppleWebKit/605.1.15 (KHTML, like Gecko) Version/16.1 Safari/605.1.15",Safari,16.1,MacOS,13.2,2532x1170,Mobile,9,0,0,1
1762466388,u4,39.38.146.151,SG,Central,Singapore,"Mozilla/5.0 (Linux; Android 13; SM-S918B) AppleWebKit/537.36 (KHTML, like Gecko) Chrome/121.0 Mobile Safari/537.36",Chrome,121.0,Android,13,2400x1080,Desktop,11,0,0,1
1762075434,u3,99.168.125.147,ID,Jawa Barat,Bandung,"Mozilla/5.0 (Windows NT 10.0; Win64; x64) AppleWebKit/537.36 (KHTML, like Gecko) Chrome/120.0 Safari/537.36",Chrome,120.0,Windows,10,2532x1170,Tablet,3,0,0,0
